Feature,Station,Line,Orig_St,Feat_Nb,Levels,IG_Numeric,CMI,NotMissing,Num_Rank,CMI_Rank
L0_S0_F0,0,0,0,0,117,7.92619620906265E-5,0.00405855566244817,0.569261843958211,486,94
L0_S0_F2,0,0,0,2,110,6.46875427356974E-5,0.00401301846962632,0.569261843958211,528,96
L0_S0_F4,0,0,0,4,36,7.51695960659049E-5,0.00204505200680316,0.569261843958211,497,182
L0_S0_F6,0,0,0,6,37,7.63375660834953E-5,0.00207458099718671,0.569261843958211,492,179
L0_S0_F8,0,0,0,8,22,4.5157603967283E-5,0.00143261704183217,0.569261843958211,586,222
L0_S0_F10,0,0,0,10,23,4.11734299170519E-5,0.00168330156826535,0.569261843958211,599,206
L0_S0_F12,0,0,0,12,29,5.97872157470647E-5,0.00164802295707389,0.569261843958211,539,208
L0_S0_F14,0,0,0,14,25,6.36208207858147E-5,0.00166038137472224,0.569261843958211,531,207
L0_S0_F16,0,0,0,16,181,8.64051068028005E-5,0.00523648546702304,0.569261843958211,459,68
L0_S0_F18,0,0,0,18,175,9.3178781522596E-5,0.00506066922084614,0.569261843958211,438,74
L0_S0_F20,0,0,0,20,997,0.00043881077598229,0.00992390693523681,0.569261843958211,77,17
L0_S0_F22,0,0,0,22,996,0.000440203493672797,0.009919489883643,0.569261843958211,76,18
L0_S1_F24,1,0,1,24,274,0.000150934668557312,0.00609308366179739,0.569295634962538,295,59
L0_S1_F28,1,0,1,28,789,0.000329642974930877,0.00855952219515821,0.569297324512755,125,24
L0_S2_F32,2,0,2,32,7,1.56155360109267E-5,0.000257858780551068,0.287032617611703,752,482
L0_S2_F36,2,0,2,36,903,0.000416586990784396,0.00444183302455592,0.287032617611703,87,85
L0_S2_F40,2,0,2,40,12,2.10368008435324E-5,0.000303346890200729,0.287032617611703,710,458
L0_S2_F44,2,0,2,44,903,0.000447963978736254,0.00471750816088257,0.287032617611703,72,79
L0_S2_F48,2,0,2,48,62,4.07320121880161E-5,0.00119624118006278,0.287032617611703,602,252
L0_S2_F52,2,0,2,52,3,7.74207893705636E-6,9.12262949626097E-8,0.287032617611703,840,958
L0_S2_F56,2,0,2,56,8,1.44154762171667E-5,0.00025090700655106,0.287032617611703,766,483
L0_S2_F60,2,0,2,60,903,0.000453372601564084,0.00465052174695835,0.287032617611703,67,81
L0_S2_F64,2,0,2,64,315,0.000165351869831909,0.00288074366028113,0.287032617611703,271,131
L0_S3_F68,3,0,3,68,8,8.14964035100729E-6,0.000204650226079295,0.282752986913589,833,530
L0_S3_F72,3,0,3,72,903,0.000464591246437607,0.00482408381494448,0.282752986913589,66,78
L0_S3_F76,3,0,3,76,10,1.23700690295436E-5,0.000182800853273157,0.282752986913589,783,546
L0_S3_F80,3,0,3,80,903,0.000479958763918376,0.00501726332684704,0.282752986913589,62,75
L0_S3_F84,3,0,3,84,65,3.29135588756913E-5,0.00122574361859229,0.282752986913589,641,246
L0_S3_F88,3,0,3,88,3,7.34353922204889E-6,5.81821337775068E-8,0.282752986913589,846,960
L0_S3_F92,3,0,3,92,6,7.86226780036259E-6,0.000229006390184416,0.282752986913589,838,508
L0_S3_F96,3,0,3,96,902,0.000486929615135523,0.00488243496778029,0.282752986913589,60,77
L0_S3_F100,3,0,3,100,327,0.000173869031932838,0.00302575430973739,0.282752986913589,264,123
L0_S4_F104,4,0,4,104,288,0.000213824752023584,0.00299654840243502,0.283248869902099,213,124
L0_S4_F109,4,0,4,109,175,0.000119594999318906,0.00206198326194329,0.283204941596473,376,180
L0_S5_F114,5,0,5,114,582,0.000314933642545867,0.00330585610293621,0.286811286533356,133,113
L0_S5_F116,5,0,5,116,763,0.000324075662531342,0.0041284038753151,0.286811286533356,128,93
L0_S6_F118,6,0,6,118,4,1.5177956870005E-5,0.000175153939844463,0.286368624376662,757,555
L0_S6_F122,6,0,6,122,1002,0.000517249861356817,0.00464792521538104,0.286368624376662,50,82
L0_S6_F132,6,0,6,132,331,0.000233556413368419,0.00310554570763788,0.286368624376662,196,119
L0_S7_F136,7,0,7,136,4,2.47164967461799E-5,0.000165472560213153,0.283589314270701,689,570
L0_S7_F138,7,0,7,138,1002,0.000495138070215617,0.00495331453773762,0.283589314270701,57,76
L0_S7_F142,7,0,7,142,407,0.000125085107056222,0.00225723502130659,0.283589314270701,355,164
L0_S8_F144,8,0,8,144,4,0.000113756124777709,0.000340974222051926,0.569277894685266,395,438
L0_S8_F146,8,0,8,146,35,3.20503993656018E-5,2.31006496731467E-5,0.569277894685266,650,822
L0_S8_F149,8,0,8,149,651,4.4809959417691E-5,2.96359689713199E-5,0.569277894685266,587,793
L0_S9_F155,9,0,9,155,427,0.000192901680332369,0.00238118485239447,0.190631106140079,236,151
L0_S9_F160,9,0,9,160,570,0.000230299187629512,0.00247762186321943,0.190647156867135,200,145
L0_S9_F165,9,0,9,165,211,5.97601611591614E-5,0.001604370544384,0.190641243441377,540,210
L0_S9_F170,9,0,9,170,666,0.000237520694367888,0.00249100914005496,0.190647156867135,191,143
L0_S9_F175,9,0,9,175,13,9.90827221336588E-6,0.000371510592859003,0.190631106140079,817,421
L0_S9_F180,9,0,9,180,199,9.15279134012792E-5,0.0019104292051928,0.190631106140079,443,191
L0_S9_F185,9,0,9,185,509,0.000192967956257561,0.00237990396000498,0.190631106140079,235,152
L0_S9_F190,9,0,9,190,132,5.27689623606165E-5,0.001302635446085,0.190631106140079,563,236
L0_S9_F195,9,0,9,195,778,0.000335456185297289,0.00297251507327356,0.190631106140079,120,125
L0_S9_F200,9,0,9,200,379,0.00015508878870385,0.00202296129591506,0.190631106140079,288,184
L0_S9_F205,9,0,9,205,49,6.18726539336478E-6,0.000101036662275789,0.190631106140079,869,685
L0_S9_F210,9,0,9,210,42,2.99253619324702E-5,0.000754411116989928,0.190631106140079,660,314
L0_S10_F219,10,0,10,219,220,7.67939613428581E-5,0.00177153800520191,0.18967144161717,490,200
L0_S10_F224,10,0,10,224,802,0.000219771233407329,0.00244931769734613,0.189685802794009,205,148
L0_S10_F229,10,0,10,229,217,7.25266707597427E-5,0.00163315289431409,0.189674820717603,505,209
L0_S10_F234,10,0,10,234,72,3.47206518842569E-5,0.000960205438961026,0.189685802794009,629,294
L0_S10_F239,10,0,10,239,14,6.96921663667638E-6,0.000388819208235525,0.18967144161717,863,414
L0_S10_F244,10,0,10,244,201,6.10256308331003E-5,0.00190503355242644,0.18967144161717,536,194
L0_S10_F249,10,0,10,249,489,0.00015982610216092,0.00222359268304473,0.18967144161717,280,168
L0_S10_F254,10,0,10,254,185,5.81690117051892E-5,0.00171039712641807,0.18967144161717,544,202
L0_S10_F259,10,0,10,259,663,0.000315031016040024,0.00293444697114698,0.18967144161717,132,128
L0_S10_F264,10,0,10,264,103,3.75835813883896E-5,0.000920609131836336,0.18967144161717,611,297
L0_S10_F269,10,0,10,269,139,4.59204533420632E-6,7.82710217048788E-5,0.18967144161717,898,706
L0_S10_F274,10,0,10,274,72,1.9621453873242E-5,0.000497187512197961,0.18967144161717,720,372
L0_S11_F282,11,0,11,282,806,0.000310611976910735,0.00294518740621896,0.190456237692683,134,126
L0_S11_F286,11,0,11,286,761,0.000254422256968923,0.00279290536587062,0.190456237692683,179,137
L0_S11_F290,11,0,11,290,166,7.24351627443554E-5,0.00157902011606126,0.190456237692683,506,211
L0_S11_F294,11,0,11,294,878,0.00029827380611458,0.00287853076523525,0.190456237692683,150,132
L0_S11_F298,11,0,11,298,12,1.0532492185078E-5,0.000429778228741462,0.190456237692683,798,388
L0_S11_F302,11,0,11,302,743,0.000200191980358255,0.00222225298328915,0.190456237692683,226,169
L0_S11_F306,11,0,11,306,866,0.000309754982108501,0.00284597026565869,0.190456237692683,136,134
L0_S11_F310,11,0,11,310,150,6.71720744325199E-5,0.0015581858840692,0.190456237692683,526,213
L0_S11_F314,11,0,11,314,992,0.00043385748332625,0.00326014715554201,0.190456237692683,81,116
L0_S11_F318,11,0,11,318,838,0.00023842282617359,0.00265392845506351,0.190456237692683,190,138
L0_S11_F322,11,0,11,322,97,5.49200913741998E-5,0.00142495794458419,0.190456237692683,557,224
L0_S11_F326,11,0,11,326,792,0.000234800471803354,0.00248939993929476,0.190456237692683,194,144
L0_S12_F330,12,0,12,330,108,4.71284125076465E-5,0.00186678957248354,0.204487107464686,581,196
L0_S12_F332,12,0,12,332,110,5.16606437805933E-5,0.00190009290048732,0.204487107464686,565,195
L0_S12_F334,12,0,12,334,42,1.99412199091142E-5,0.00123050910827427,0.204487107464686,718,245
L0_S12_F336,12,0,12,336,40,2.0365436164127E-5,0.00126806426046144,0.204487107464686,714,240
L0_S12_F338,12,0,12,338,19,2.03024977487587E-5,0.000592433722361285,0.204487107464686,717,341
L0_S12_F340,12,0,12,340,15,1.86738502581107E-5,0.000572477752062817,0.204487107464686,728,346
L0_S12_F342,12,0,12,342,29,2.31761278453035E-5,0.0010030551253708,0.204487107464686,699,284
L0_S12_F344,12,0,12,344,28,1.72465536163458E-5,0.000986328994613928,0.204487107464686,738,288
L0_S12_F346,12,0,12,346,169,7.61237965996031E-5,0.00236840906490432,0.204487107464686,495,154
L0_S12_F348,12,0,12,348,170,7.4756542492338E-5,0.00236965668748734,0.204487107464686,498,153
L0_S12_F350,12,0,12,350,993,0.000517771959806623,0.00420185361866743,0.204487107464686,48,91
L0_S12_F352,12,0,12,352,993,0.000514440197710187,0.00420026298945153,0.204487107464686,51,92
L0_S13_F354,13,0,13,354,260,0.000138505445264059,0.00285110272907207,0.204490486565119,320,133
L0_S13_F356,13,0,13,356,918,0.000377759965703106,0.00390928938438329,0.204490486565119,98,98
L0_S14_F358,14,0,14,358,7,4.47986542262413E-6,0.000125459000794415,0.10190099742597,902,650
L0_S14_F362,14,0,14,362,903,0.00042565885293655,0.0021267809454093,0.10190099742597,85,175
L0_S14_F366,14,0,14,366,8,3.63077267451217E-6,0.000114931585091682,0.10190099742597,914,669
L0_S14_F370,14,0,14,370,903,0.000428811038878152,0.00213992346033542,0.10190099742597,82,173
L0_S14_F374,14,0,14,374,37,2.10952113999241E-5,0.000579805981709036,0.10190099742597,709,344
L0_S14_F378,14,0,14,378,3,2.85959385948331E-7,1.44201965923685E-8,0.10190099742597,968,963
L0_S14_F382,14,0,14,382,6,7.83611602273027E-6,0.00013583449108534,0.10190099742597,839,628
L0_S14_F386,14,0,14,386,900,0.000401970096978843,0.00214490776618792,0.10190099742597,93,172
L0_S14_F390,14,0,14,390,300,0.000106544017551613,0.00133639701695198,0.10190099742597,410,232
L0_S15_F394,15,0,15,394,7,4.94850873167252E-6,0.000113877683811658,0.10259371301469,893,671
L0_S15_F397,15,0,15,397,903,0.000362624509412157,0.00183627053209623,0.10259371301469,109,198
L0_S15_F400,15,0,15,400,8,6.04607551402125E-6,0.000114653929506048,0.10259371301469,872,670
L0_S15_F403,15,0,15,403,903,0.00042590601821324,0.00198131592951967,0.10259371301469,84,185
L0_S15_F406,15,0,15,406,51,2.71426161457811E-5,0.000611147513947863,0.10259371301469,676,337
L0_S15_F409,15,0,15,409,3,2.98701364265241E-6,-1.77635683940025E-15,0.10259371301469,930,968
L0_S15_F412,15,0,15,412,7,3.89686835156056E-6,9.94583269875449E-5,0.10259371301469,908,686
L0_S15_F415,15,0,15,415,903,0.000371440491386821,0.00183468258981989,0.10259371301469,104,199
L0_S15_F418,15,0,15,418,294,0.000122645251087405,0.0013167099603697,0.10259371301469,364,234
L0_S16_F421,16,0,16,421,525,0.000183189166122588,0.00148872848462922,0.100645661615193,246,216
L0_S16_F426,16,0,16,426,182,7.42866445015977E-5,0.00127787274781799,0.100645661615193,499,239
L0_S17_F431,17,0,17,431,572,0.000185892960507417,0.00142820802284849,0.103930147235854,241,223
L0_S17_F433,17,0,17,433,727,0.000261085434308583,0.00176461669017147,0.103930147235854,174,201
L0_S18_F435,18,0,18,435,4,1.9596289320134E-6,2.93994274063181E-5,0.102286214875307,946,794
L0_S18_F439,18,0,18,439,990,0.000363643792521629,0.00196656475842882,0.102286214875307,106,186
L0_S18_F449,18,0,18,449,414,0.000119267475879425,0.00123124750838688,0.102286214875307,378,244
L0_S19_F453,19,0,19,453,4,1.21403813579946E-6,5.72899501225521E-5,0.102240597019464,956,746
L0_S19_F455,19,0,19,455,1002,0.000445909185351923,0.0021170075595176,0.102240597019464,73,176
L0_S19_F459,19,0,19,459,385,0.000118612053057632,0.00143532560524751,0.102240597019464,381,221
L0_S20_F461,20,0,20,461,3,3.65667012225401E-6,0.000136340163822801,0.204529346220096,913,627
L0_S20_F463,20,0,20,463,15,3.26819659157707E-6,3.56627327580128E-6,0.204529346220096,925,927
L0_S20_F466,20,0,20,466,147,6.80715525369635E-6,5.43018273013729E-6,0.204529346220096,866,919
L0_S21_F472,21,0,21,472,408,0.00015384392556328,0.00112314385519241,0.0687376610035759,291,268
L0_S21_F477,21,0,21,477,657,0.000208955177306791,0.00114438029639352,0.0687722967830119,217,264
L0_S21_F482,21,0,21,482,373,0.000123420030446297,0.00108388132246162,0.0687418848791169,358,274
L0_S21_F487,21,0,21,487,719,0.000199681907140814,0.00113753745617906,0.0687722967830119,227,265
L0_S21_F492,21,0,21,492,12,3.57324055144659E-6,0.000221179076304701,0.0687376610035759,915,521
L0_S21_F497,21,0,21,497,181,6.97662147270961E-5,0.000925994296080646,0.0687376610035759,516,296
L0_S21_F502,21,0,21,502,510,0.000160207261945544,0.0011018625641448,0.0687376610035759,279,273
L0_S21_F507,21,0,21,507,28,7.49560580182163E-6,0.000222047455918251,0.0687376610035759,844,520
L0_S21_F512,21,0,21,512,905,0.000349612049310721,0.00139521396382492,0.0687376610035759,113,227
L0_S21_F517,21,0,21,517,125,3.92509065214597E-5,0.000709780101601609,0.0687376610035759,606,322
L0_S21_F522,21,0,21,522,729,0.000294114826992598,0.00133582683794486,0.0687376610035759,156,233
L0_S21_F527,21,0,21,527,426,0.000118839749600141,0.000994767253715167,0.0687376610035759,379,287
L0_S21_F532,21,0,21,532,80,2.25395277251295E-5,0.000627665870658767,0.0687376610035759,704,335
L0_S21_F537,21,0,21,537,35,7.22724556823096E-6,0.000418317288930936,0.0687376610035759,850,401
L0_S22_F546,22,0,22,546,636,0.000185188037676198,0.000995673333038738,0.0680812707445088,244,286
L0_S22_F551,22,0,22,551,689,0.000216380049190335,0.00111348832837344,0.0680880289453743,208,269
L0_S22_F556,22,0,22,556,525,0.000181069204220563,0.000969795400943774,0.0680846498449415,248,292
L0_S22_F561,22,0,22,561,812,0.000163991478787651,0.000986143756967373,0.0680880289453743,272,289
L0_S22_F566,22,0,22,566,13,5.80427606244882E-6,0.000225654265459951,0.0680812707445088,878,514
L0_S22_F571,22,0,22,571,193,7.61832073443713E-5,0.000879139292935705,0.0680812707445088,494,298
L0_S22_F576,22,0,22,576,543,0.000143680613215125,0.000996147675638603,0.0680812707445088,315,285
L0_S22_F581,22,0,22,581,30,9.18105459568608E-6,0.000165326555656264,0.0680812707445088,823,571
L0_S22_F586,22,0,22,586,897,0.00032714552177282,0.00128381606174255,0.0680812707445088,126,238
L0_S22_F591,22,0,22,591,155,6.98840072725915E-5,0.000706799037800465,0.0680812707445088,515,323
L0_S22_F596,22,0,22,596,787,0.000284834459229444,0.00124514399521214,0.0680812707445088,161,242
L0_S22_F601,22,0,22,601,531,0.000148144002011463,0.00097141474673812,0.0680812707445088,300,291
L0_S22_F606,22,0,22,606,90,3.35494257726054E-5,0.000627305526434974,0.0680812707445088,636,336
L0_S22_F611,22,0,22,611,30,1.37300807008245E-5,0.000296953720178905,0.0680812707445088,775,460
L0_S23_F619,23,0,23,619,356,0.000125582707097394,0.00102987580254954,0.0678269934369422,351,282
L0_S23_F623,23,0,23,623,820,0.000278238496221661,0.00128630822304388,0.0678269934369422,163,237
L0_S23_F627,23,0,23,627,306,9.02833624429888E-5,0.00093093049451376,0.0678269934369422,448,295
L0_S23_F631,23,0,23,631,525,0.000131515523044357,0.00101169183939653,0.0678269934369422,334,283
L0_S23_F635,23,0,23,635,12,4.98015334748914E-6,0.00020632451630842,0.0678269934369422,892,528
L0_S23_F639,23,0,23,639,694,0.00013391526936779,0.000975671718487447,0.0678269934369422,329,290
L0_S23_F643,23,0,23,643,674,0.000177918860103432,0.0011087097730762,0.0678269934369422,254,271
L0_S23_F647,23,0,23,647,27,7.87850384043054E-6,0.000145624874414274,0.0678269934369422,837,607
L0_S23_F651,23,0,23,651,956,0.000356988268421787,0.00136855780333178,0.0678269934369422,111,230
L0_S23_F655,23,0,23,655,121,3.0997650409148E-5,0.000703099495695803,0.0678269934369422,657,325
L0_S23_F659,23,0,23,659,941,0.000331224476409986,0.0013503764242051,0.0678269934369422,124,231
L0_S23_F663,23,0,23,663,643,0.000174803869095186,0.0010566279724431,0.0678269934369422,260,280
L0_S23_F667,23,0,23,667,98,4.38747842732568E-5,0.000704923877258956,0.0678269934369422,591,324
L0_S23_F671,23,0,23,671,914,0.000251572890004326,0.00121807844244515,0.0678269934369422,181,248
L1_S24_F679,2.4101E1,1,24,679,64,2.66379673767858E-5,0.000140076441442538,0.0201580236317389,682,617
L1_S24_F683,2.4101E1,1,24,683,646,0.000177003439079115,0.00037255275453596,0.0201580236317389,256,419
L1_S24_F687,2.4101E1,1,24,687,560,0.000154704984939968,0.000351069971584295,0.0201580236317389,289,432
L1_S24_F691,2.4101E1,1,24,691,545,0.00015171350758969,0.000349876926804882,0.0201580236317389,294,435
L1_S24_F700,2.4102E1,1,24,700,418,0.000131405993034406,0.000331682587412452,0.0201276117278439,335,443
L1_S24_F719,2.4103E1,1,24,719,10,1.198200899033E-5,1.64489318796868E-5,0.0199679492323951,786,852
L1_S24_F728,2.4103E1,1,24,728,567,0.000156701062305586,0.000369683363515172,0.0201276117278439,284,425
L1_S24_F733,2.4103E1,1,24,733,62,2.43831136153005E-5,0.000143879114253842,0.0201276117278439,692,612
L1_S24_F746,2.4103E1,1,24,746,4,7.10905759149227E-6,1.28362497955337E-5,0.0199679492323951,859,863
L1_S24_F751,2.4103E1,1,24,751,3,4.41240171511481E-7,3.20707727929914E-7,0.0199679492323951,966,945
L1_S24_F756,2.4103E1,1,24,756,10,1.198200899033E-5,1.64489318796868E-5,0.0199679492323951,786,852
L1_S24_F761,2.4103E1,1,24,761,3,4.41240171511481E-7,3.20707727929914E-7,0.0199679492323951,966,945
L1_S24_F766,2.4103E1,1,24,766,4,7.10905759149227E-6,1.28362497955337E-5,0.0199679492323951,859,863
L1_S24_F775,2.4103E1,1,24,775,5,7.11822126042705E-6,1.28362497955337E-5,0.0199679492323951,857,863
L1_S24_F780,2.4103E1,1,24,780,4,7.11134804376457E-6,1.28362497964218E-5,0.0199679492323951,858,862
L1_S24_F785,2.4103E1,1,24,785,4,7.10905759149227E-6,1.28362497955337E-5,0.0199679492323951,859,863
L1_S24_F790,2.4103E1,1,24,790,10,1.198200899033E-5,1.64489318796868E-5,0.0199679492323951,786,852
L1_S24_F795,2.4103E1,1,24,795,10,1.198200899033E-5,1.64489318796868E-5,0.0199679492323951,786,852
L1_S24_F800,2.4104E1,1,24,800,552,0.000180796479604339,0.000370705708379937,0.0201402833544668,249,423
L1_S24_F802,2.4104E1,1,24,802,692,0.000194593334086335,0.000391926134703624,0.0201402833544668,233,413
L1_S24_F806,2.4106E1,1,24,806,23,1.05247927617569E-5,0.00011939547851636,0.0201360594789258,799,664
L1_S24_F808,2.4106E1,1,24,808,759,0.00021291852348071,0.000394701993224444,0.0201360594789258,214,412
L1_S24_F810,2.4106E1,1,24,810,39,1.94170088985146E-5,0.000169755499596747,0.0201360594789258,724,567
L1_S24_F812,2.4107E1,1,24,812,780,0.000216245710186413,0.000400613984864684,0.0201385938042504,209,410
L1_S24_F814,2.4107E1,1,24,814,328,0.000117986502699452,0.000313910074460466,0.0201385938042504,385,451
L1_S24_F816,2.4107E1,1,24,816,399,0.00014523329552496,0.000229910711070147,0.0101592654511479,308,506
L1_S24_F829,2.4108E1,1,24,829,523,0.000144352107797729,0.000226303144723161,0.0101592654511479,311,513
L1_S24_F834,2.4108E1,1,24,834,82,3.15174014193786E-5,0.000124963026705061,0.0101592654511479,655,651
L1_S24_F839,2.4108E1,1,24,839,12,7.15213014714777E-5,8.92866531421177E-5,0.0101592654511479,510,698
L1_S24_F844,2.4108E1,1,24,844,970,0.000176521693758147,0.000260448536721469,0.0101592654511479,258,481
L1_S24_F857,2.4108E1,1,24,857,644,0.000147022851193057,0.000237369995162773,0.0101592654511479,303,501
L1_S24_F862,2.4108E1,1,24,862,659,0.000150577900051019,0.000237277965536187,0.0101592654511479,296,502
L1_S24_F867,2.4108E1,1,24,867,161,0.000136660896497887,0.000213110529245775,0.0101592654511479,323,522
L1_S24_F872,2.4108E1,1,24,872,998,0.000187792852049284,0.000247716100863826,0.0101592654511479,239,487
L1_S24_F877,2.4108E1,1,24,877,144,5.22815810608535E-5,0.000150579607235635,0.0101592654511479,564,594
L1_S24_F882,2.4108E1,1,24,882,156,5.96919815425423E-5,0.000163436490057123,0.0101592654511479,541,575
L1_S24_F887,2.4108E1,1,24,887,85,4.76776509348298E-5,0.000138728689327294,0.0101592654511479,577,622
L1_S24_F892,2.4108E1,1,24,892,754,0.000155726594991634,0.000240806412197259,0.0101592654511479,287,496
L1_S24_F897,2.4108E1,1,24,897,480,8.99013800239601E-5,0.000173372624068691,0.0101592654511479,449,559
L1_S24_F902,2.4108E1,1,24,902,273,0.000112407148952443,0.000197503132524091,0.0101592654511479,398,536
L1_S24_F907,2.4108E1,1,24,907,748,0.000122970017926605,0.000173719280626372,0.00999706863037456,362,558
L1_S24_F920,2.4109E1,1,24,920,203,5.33194677867499E-5,0.000127829167305471,0.00999706863037456,559,641
L1_S24_F925,2.4109E1,1,24,925,89,3.4255012479889E-5,0.000101298838916186,0.00999706863037456,631,683
L1_S24_F930,2.4109E1,1,24,930,11,2.62210504278215E-5,4.7533781440734E-5,0.00999706863037456,683,764
L1_S24_F935,2.4109E1,1,24,935,938,0.000136828152253798,0.000180089727919608,0.00999706863037456,322,550
L1_S24_F948,2.4109E1,1,24,948,839,0.000127056168338413,0.000171104519263388,0.00999706863037456,347,564
L1_S24_F953,2.4109E1,1,24,953,803,0.000121522237392924,0.000172649703869432,0.00999706863037456,370,560
L1_S24_F958,2.4109E1,1,24,958,478,7.87960932413512E-5,0.000145218672702896,0.00999706863037456,487,609
L1_S24_F963,2.4109E1,1,24,963,999,0.000145137684905095,0.000181015112977079,0.00999706863037456,309,549
L1_S24_F968,2.4109E1,1,24,968,168,5.42374427521253E-5,0.000123889820592638,0.00999706863037456,558,655
L1_S24_F973,2.4109E1,1,24,973,193,5.5013082208788E-5,0.000118923453121589,0.00999706863037456,556,665
L1_S24_F978,2.4109E1,1,24,978,602,0.000106785679101051,0.000156195710535378,0.00999706863037456,408,586
L1_S24_F983,2.4109E1,1,24,983,786,0.000128436756302364,0.000179978524391444,0.00999706863037456,345,551
L1_S24_F988,2.4109E1,1,24,988,483,9.5145449231282E-5,0.000141883980808721,0.00999706863037456,433,615
L1_S24_F993,2.4109E1,1,24,993,281,8.20785907791333E-5,0.000139744256683727,0.00999706863037456,474,618
L1_S24_F998,2.411E1,1,24,998,1000,0.00016296498755608,0.000210263261427812,0.0100350835102433,273,524
L1_S24_F1000,2.411E1,1,24,1000,101,2.95411932818013E-5,0.000104156178687198,0.0100350835102433,662,680
L1_S24_F1002,2.411E1,1,24,1002,793,0.000134378650066935,0.000194921717162622,0.0100350835102433,327,539
L1_S24_F1004,2.411E1,1,24,1004,88,4.75422459604857E-5,0.00012491046439056,0.0100350835102433,578,652
L1_S24_F1006,2.411E1,1,24,1006,604,0.000121101378768529,0.000183919048843073,0.0100350835102433,371,544
L1_S24_F1008,2.411E1,1,24,1008,624,0.000102358142830994,0.00018432656946743,0.0100350835102433,418,543
L1_S24_F1010,2.411E1,1,24,1010,404,9.27747242069898E-5,0.000172024463526377,0.0100350835102433,440,562
L1_S24_F1012,2.411E1,1,24,1012,786,0.00012515111468403,0.00019424418431413,0.0100350835102433,354,541
L1_S24_F1014,2.411E1,1,24,1014,661,0.000123000662272332,0.00017981218808405,0.0100350835102433,361,552
L1_S24_F1016,2.411E1,1,24,1016,998,0.000160294682148177,0.000212312676445059,0.0100959073180333,278,523
L1_S24_F1021,2.4111E1,1,24,1021,119,3.6707674389902E-5,9.43932986654517E-5,0.0100959073180333,614,695
L1_S24_F1026,2.4111E1,1,24,1026,115,5.15787631929499E-5,0.00012273805052132,0.0100959073180333,566,657
L1_S24_F1031,2.4111E1,1,24,1031,75,3.6280823715984E-5,9.6809689026145E-5,0.0100959073180333,617,691
L1_S24_F1036,2.4111E1,1,24,1036,245,7.52194931354921E-5,0.000138500505189043,0.0100959073180333,496,623
L1_S24_F1041,2.4111E1,1,24,1041,478,0.000100066416605316,0.000160891345587721,0.0100959073180333,423,578
L1_S24_F1046,2.4111E1,1,24,1046,33,5.82442346264145E-6,3.67724653438373E-5,0.0100959073180333,876,777
L1_S24_F1051,2.4111E1,1,24,1051,9,5.23326726664664E-6,1.75863587594804E-5,0.0100959073180333,889,850
L1_S24_F1056,2.4111E1,1,24,1056,632,9.12221154436565E-5,0.000154548799104148,0.0100959073180333,444,591
L1_S24_F1068,2.4112E1,1,24,1068,802,0.000193381619981281,0.000383765443745965,0.0201284565029521,234,415
L1_S24_F1072,2.4112E1,1,24,1072,956,0.000212170298050651,0.000398804828497745,0.0201284565029521,215,411
L1_S24_F1079,2.4112E1,1,24,1079,711,0.000199618343335928,0.000401669325717613,0.0201284565029521,228,408
L1_S24_F1083,2.4112E1,1,24,1083,777,0.000214079849797599,0.000401300934714577,0.0201284565029521,211,409
L1_S24_F1087,2.4112E1,1,24,1087,552,0.000180734388077752,0.000370705708379937,0.0201284565029521,250,423
L1_S24_F1094,2.4112E1,1,24,1094,959,0.000249286441631469,0.000422023797708171,0.0201284565029521,183,400
L1_S24_F1098,2.4112E1,1,24,1098,913,0.000236422292905658,0.000415955644980315,0.0201284565029521,192,403
L1_S24_F1102,2.4112E1,1,24,1102,744,0.000208685346168025,0.00036892066541494,0.0201284565029521,218,426
L1_S24_F1106,2.4112E1,1,24,1106,810,0.000197702941665767,0.000381409324758053,0.0201284565029521,230,416
L1_S24_F1110,2.4112E1,1,24,1110,472,0.000127168183734483,0.00032803885134669,0.0201284565029521,346,445
L1_S24_F1118,2.42E1,1,24,1118,63,2.43257811316511E-5,0.000163877356574638,0.0229795724931088,694,573
L1_S24_F1122,2.42E1,1,24,1122,750,0.000233126406644857,0.000524251162233647,0.0229795724931088,198,363
L1_S24_F1126,2.42E1,1,24,1126,513,0.000192120518763161,0.000494110986323015,0.0229795724931088,237,374
L1_S24_F1130,2.42E1,1,24,1130,312,9.32455560551659E-5,0.000376891014590264,0.0229795724931088,437,417
L1_S24_F1134,2.4201E1,1,24,1134,708,0.000213892631052204,0.000502226513382276,0.0229584531154039,212,370
L1_S24_F1145,2.4201E1,1,24,1145,929,0.000244252010750401,0.000524225789804156,0.0229584531154039,187,364
L1_S24_F1148,2.4201E1,1,24,1148,65,3.30740180292111E-5,0.000168254124367273,0.0229584531154039,638,569
L1_S24_F1161,2.4202E1,1,24,1161,47,1.59036617368713E-5,0.000194323931537177,0.0229787277180006,746,540
L1_S24_F1166,2.4203E1,1,24,1166,684,0.000258499545619628,0.000519200402795406,0.0229753486175678,176,367
L1_S24_F1170,2.4205E1,1,24,1170,22,2.03345958045276E-5,0.000174002605606738,0.0229753486175678,715,556
L1_S24_F1172,2.4205E1,1,24,1172,821,0.000281738768411088,0.000535833199049485,0.0229753486175678,162,358
L1_S24_F1174,2.4205E1,1,24,1174,36,2.82356294523112E-5,0.000227240771676129,0.0229753486175678,668,511
L1_S24_F1176,2.4205E1,1,24,1176,822,0.000275096492876159,0.000539969014614172,0.0229753486175678,166,355
L1_S24_F1180,2.4206E1,1,24,1180,377,9.95031194026552E-5,0.000404954859087425,0.0229753486175678,425,407
L1_S24_F1184,2.4206E1,1,24,1184,603,0.000162902021759948,0.00024583496197117,0.0115235772508822,274,493
L1_S24_F1197,2.4207E1,1,24,1197,746,0.000145018533226349,0.000231534619318907,0.0115235772508822,310,505
L1_S24_F1202,2.4207E1,1,24,1202,96,3.57191421080927E-5,0.000147240891983813,0.0115235772508822,623,604
L1_S24_F1207,2.4207E1,1,24,1207,12,2.47124861267878E-5,7.62007525070274E-5,0.0115235772508822,690,707
L1_S24_F1212,2.4207E1,1,24,1212,339,0.000122636001190557,0.000225023299717186,0.0115235772508822,365,515
L1_S24_F1225,2.4207E1,1,24,1225,812,0.000169668568315018,0.000245715569339389,0.0115235772508822,269,494
L1_S24_F1230,2.4207E1,1,24,1230,842,0.000170729279677317,0.000248314384204029,0.0115235772508822,267,485
L1_S24_F1235,2.4207E1,1,24,1235,326,0.000129652457479423,0.000223675300190074,0.0115235772508822,343,517
L1_S24_F1240,2.4207E1,1,24,1240,1002,0.000185916433899536,0.000240114099276489,0.0115235772508822,240,498
L1_S24_F1245,2.4207E1,1,24,1245,72,2.75563522880162E-5,0.000127498736603116,0.0115235772508822,674,644
L1_S24_F1250,2.4207E1,1,24,1250,79,2.76241642147568E-5,0.000143718626528511,0.0115235772508822,673,613
L1_S24_F1255,2.4207E1,1,24,1255,650,0.000156502925657165,0.000238504832673847,0.0115235772508822,285,500
L1_S24_F1260,2.4207E1,1,24,1260,23,5.89320372945679E-6,8.80107970084865E-5,0.0115235772508822,874,699
L1_S24_F1265,2.4207E1,1,24,1265,692,0.000144328702006646,0.000223061641793976,0.0115235772508822,312,518
L1_S24_F1270,2.4207E1,1,24,1270,289,0.00010957476839657,0.000202551475719126,0.0115235772508822,403,533
L1_S24_F1275,2.4207E1,1,24,1275,632,0.000198456917262391,0.000333021543376333,0.011457684792443,229,442
L1_S24_F1288,2.4208E1,1,24,1288,7,6.63835439418392E-6,4.45499555850049E-5,0.011457684792443,867,767
L1_S24_F1293,2.4208E1,1,24,1293,95,3.45759603934681E-5,0.000177284127447663,0.011457684792443,630,553
L1_S24_F1298,2.4208E1,1,24,1298,14,6.40221997496582E-5,0.00010221420994494,0.011457684792443,530,681
L1_S24_F1303,2.4208E1,1,24,1303,344,0.000145673337330621,0.000305314322443628,0.011457684792443,305,456
L1_S24_F1316,2.4208E1,1,24,1316,30,2.76821082216827E-5,0.000124780350409637,0.011457684792443,672,653
L1_S24_F1321,2.4208E1,1,24,1321,31,1.80341876632184E-5,0.000125634480955483,0.011457684792443,732,649
L1_S24_F1326,2.4208E1,1,24,1326,327,0.000177659599101432,0.000309266504037176,0.011457684792443,255,455
L1_S24_F1331,2.4208E1,1,24,1331,997,0.000221902675471952,0.000357086061073098,0.011457684792443,202,430
L1_S24_F1336,2.4208E1,1,24,1336,73,2.59027808926504E-5,0.000156504428636239,0.011457684792443,686,585
L1_S24_F1341,2.4208E1,1,24,1341,86,3.29800005935965E-5,0.000158536823901656,0.011457684792443,639,582
L1_S24_F1346,2.4208E1,1,24,1346,689,0.000173112127962227,0.000331306582001645,0.011457684792443,266,444
L1_S24_F1351,2.4208E1,1,24,1351,22,1.06195697799905E-5,0.000105640126546014,0.011457684792443,796,678
L1_S24_F1356,2.4208E1,1,24,1356,723,0.000178390872541456,0.00031759925755015,0.011457684792443,253,449
L1_S24_F1361,2.4208E1,1,24,1361,245,0.000105791483775874,0.000277106212827505,0.011457684792443,411,471
L1_S24_F1366,2.4208E1,1,24,1366,996,0.000217140586483922,0.00027250520955846,0.0114551504671184,207,473
L1_S24_F1371,2.4209E1,1,24,1371,19,1.07360809771251E-5,8.66782606312455E-6,0.0114551504671184,794,902
L1_S24_F1376,2.4209E1,1,24,1376,90,4.66618576364652E-5,0.000148739485979377,0.0114551504671184,583,597
L1_S24_F1381,2.4209E1,1,24,1381,83,3.16521118239876E-5,0.000121781670425314,0.0114551504671184,654,659
L1_S24_F1386,2.4209E1,1,24,1386,18,1.80895701458184E-5,5.24866089763876E-5,0.0114551504671184,731,757
L1_S24_F1391,2.4209E1,1,24,1391,564,0.000135442206930847,0.000226369463727671,0.0114551504671184,326,512
L1_S24_F1396,2.4209E1,1,24,1396,28,1.09317658907315E-5,5.59960894968015E-5,0.0114551504671184,793,751
L1_S24_F1401,2.4209E1,1,24,1401,597,0.000148084340425569,0.000240291963353734,0.0114551504671184,301,497
L1_S24_F1406,2.4209E1,1,24,1406,118,3.98361211004783E-5,0.000138758307935305,0.0114551504671184,605,621
L1_S24_F1411,2.4209E1,1,24,1411,1001,0.000197604466681156,0.000269483133356729,0.0114855623710134,231,475
L1_S24_F1416,2.421E1,1,24,1416,92,1.28418268250385E-5,8.15597187333594E-5,0.0114855623710134,782,702
L1_S24_F1421,2.421E1,1,24,1421,109,5.0632996188682E-5,0.000160274922892611,0.0114855623710134,570,580
L1_S24_F1426,2.421E1,1,24,1426,96,3.35523556032058E-5,0.000150680911114698,0.0114855623710134,635,593
L1_S24_F1431,2.421E1,1,24,1431,87,3.18717729754781E-5,0.000128536264088375,0.0114855623710134,653,638
L1_S24_F1436,2.421E1,1,24,1436,514,0.000124729365666099,0.000247753284269514,0.0114855623710134,357,486
L1_S24_F1441,2.421E1,1,24,1441,28,8.80940791248008E-6,6.29854486158266E-5,0.0114855623710134,827,730
L1_S24_F1446,2.421E1,1,24,1446,601,0.000131333782997345,0.000243081628138242,0.0114855623710134,336,495
L1_S24_F1451,2.421E1,1,24,1451,691,0.000135984434141534,0.000248780458069753,0.0114855623710134,325,484
L1_S24_F1463,2.4211E1,1,24,1463,738,0.000208137745344672,0.000492949361561301,0.022937333737699,219,375
L1_S24_F1467,2.4211E1,1,24,1467,929,0.000244297935973137,0.000524270272199701,0.022937333737699,186,362
L1_S24_F1474,2.4211E1,1,24,1474,840,0.000285111670040195,0.000544701936017411,0.022937333737699,160,351
L1_S24_F1478,2.4211E1,1,24,1478,823,0.000275463086213179,0.000537347862982429,0.022937333737699,165,356
L1_S24_F1482,2.4211E1,1,24,1482,626,0.000184268179419078,0.000480062345497245,0.022937333737699,245,378
L1_S24_F1486,2.4211E1,1,24,1486,3,5.18175156827283E-6,1.12973097543545E-8,0.022937333737699,890,964
L1_S24_F1490,2.4211E1,1,24,1490,979,0.000321481539081958,0.000574272362244166,0.022937333737699,129,345
L1_S24_F1494,2.4211E1,1,24,1494,929,0.000296144645620444,0.000565415915157352,0.022937333737699,153,348
L1_S24_F1498,2.4211E1,1,24,1498,616,0.000298556481363121,0.000543335146686808,0.022937333737699,149,352
L1_S24_F1502,2.4211E1,1,24,1502,732,0.000207054937325424,0.000484225985750264,0.022937333737699,221,376
L1_S24_F1506,2.4211E1,1,24,1506,494,0.000148995414742004,0.000435517523396989,0.022937333737699,298,386
L1_S24_F1512,2.43E1,1,24,1512,78,0.000138650841918775,0.000449903293188392,0.112276525304816,319,382
L1_S24_F1514,2.43E1,1,24,1514,801,0.000409656355913057,0.00203873019817991,0.112276525304816,89,183
L1_S24_F1516,2.43E1,1,24,1516,706,0.000375903890724061,0.00185102170299611,0.112276525304816,101,197
L1_S24_F1518,2.43E1,1,24,1518,225,0.000185347120128299,0.00122138640738267,0.112276525304816,242,247
L1_S24_F1520,2.43E1,1,24,1520,681,0.000409554005067037,0.00191605663029115,0.111993525643571,90,190
L1_S24_F1539,2.4301E1,1,24,1539,83,0.000129668081511269,0.000761426608246296,0.111993525643571,341,311
L1_S24_F1544,2.4301E1,1,24,1544,80,0.000133609532268153,0.000502321652689375,0.111993525643571,331,369
L1_S24_F1565,2.4303E1,1,24,1565,786,0.000441472822005906,0.00190796783054026,0.112277370079924,74,192
L1_S24_F1567,2.4304E1,1,24,1567,415,0.000301705189807322,0.0016845305637343,0.112278214855032,145,204
L1_S24_F1569,2.4305E1,1,24,1569,25,0.000115279382114863,0.000371282849884302,0.112275680529708,394,422
L1_S24_F1571,2.4305E1,1,24,1571,872,0.000531047238238713,0.00222993267378424,0.112275680529708,46,165
L1_S24_F1573,2.4305E1,1,24,1573,41,0.000125810304826501,0.000569420350707617,0.112275680529708,349,347
L1_S24_F1575,2.4306E1,1,24,1575,886,0.000548626862283186,0.00222732291576211,0.112275680529708,41,166
L1_S24_F1578,2.4306E1,1,24,1578,518,0.000272504351871206,0.00149738538776489,0.112275680529708,168,215
L1_S24_F1581,2.4306E1,1,24,1581,795,0.000568780476662312,0.0013691288374833,0.0562476610289192,36,229
L1_S24_F1594,2.4307E1,1,24,1594,19,6.24681096326185E-5,0.000169121336997868,0.0562476610289192,533,568
L1_S24_F1599,2.4307E1,1,24,1599,107,0.000123134770491973,0.00054894322123733,0.0562476610289192,359,350
L1_S24_F1604,2.4307E1,1,24,1604,19,0.000426572356767352,0.000521513954797825,0.0562476610289192,83,365
L1_S24_F1609,2.4307E1,1,24,1609,352,0.000274878281144808,0.00107498066345268,0.0562476610289192,167,276
L1_S24_F1622,2.4307E1,1,24,1622,38,0.000118559656325345,0.000290147993270651,0.0562476610289192,382,461
L1_S24_F1627,2.4307E1,1,24,1627,41,0.000118543412996885,0.000312804152628132,0.0562476610289192,383,452
L1_S24_F1632,2.4307E1,1,24,1632,354,0.000613432780482981,0.00130292741184146,0.0562476610289192,30,235
L1_S24_F1637,2.4307E1,1,24,1637,991,0.000549366085802916,0.00145603611498135,0.0562476610289192,40,219
L1_S24_F1642,2.4307E1,1,24,1642,80,0.000100113515445699,0.000456133302333406,0.0562476610289192,422,380
L1_S24_F1647,2.4307E1,1,24,1647,89,9.76857473897752E-5,0.000439398706099325,0.0562476610289192,431,384
L1_S24_F1652,2.4307E1,1,24,1652,740,0.00037638650034566,0.00118905201791986,0.0562476610289192,100,254
L1_S24_F1657,2.4307E1,1,24,1657,27,0.000106599977817368,0.000222740537915378,0.0562476610289192,409,519
L1_S24_F1662,2.4307E1,1,24,1662,879,0.000307120113834714,0.00107114663531949,0.0562476610289192,138,278
L1_S24_F1667,2.4307E1,1,24,1667,337,0.000452739112061451,0.00110471188225603,0.0562476610289192,68,272
L1_S24_F1672,2.4307E1,1,24,1672,944,0.000591070188537657,0.00148447802037133,0.056177544694939,31,217
L1_S24_F1685,2.4308E1,1,24,1685,959,0.000399172872775466,0.00123316269358664,0.056177544694939,95,243
L1_S24_F1690,2.4308E1,1,24,1690,98,0.000124786154074741,0.000511597675352249,0.056177544694939,356,368
L1_S24_F1695,2.4308E1,1,24,1695,17,0.000580028413276423,0.000678893336278463,0.056177544694939,33,331
L1_S24_F1700,2.4308E1,1,24,1700,344,0.000266187973444687,0.0010561406468117,0.056177544694939,172,281
L1_S24_F1713,2.4308E1,1,24,1713,933,0.000332256238802842,0.000966407438476757,0.056177544694939,123,293
L1_S24_F1718,2.4308E1,1,24,1718,944,0.000363411143812442,0.00106154592926266,0.056177544694939,107,279
L1_S24_F1723,2.4308E1,1,24,1723,329,0.000788545497487192,0.0014442536288124,0.056177544694939,6,220
L1_S24_F1728,2.4308E1,1,24,1728,997,0.000569053439390288,0.00147749968376054,0.056177544694939,35,218
L1_S24_F1733,2.4308E1,1,24,1733,70,0.000113147495781618,0.000437140547728809,0.056177544694939,397,385
L1_S24_F1738,2.4308E1,1,24,1738,82,9.30525413433969E-5,0.000409488940316116,0.056177544694939,439,406
L1_S24_F1743,2.4308E1,1,24,1743,797,0.000413030700602945,0.0012544733591886,0.056177544694939,88,241
L1_S24_F1748,2.4308E1,1,24,1748,25,0.000131301081067292,0.000207574547850697,0.056177544694939,337,527
L1_S24_F1753,2.4308E1,1,24,1753,900,0.000343858624104243,0.0010722186087424,0.056177544694939,117,277
L1_S24_F1758,2.4308E1,1,24,1758,298,0.000490121236760288,0.00112943270259702,0.056177544694939,58,266
L1_S24_F1763,2.4308E1,1,24,1763,1001,0.000528692399653252,0.00117047165371886,0.0561640282932079,47,260
L1_S24_F1768,2.4309E1,1,24,1768,35,6.87391305813634E-5,5.63343661932336E-5,0.0561530462168014,517,748
L1_S24_F1773,2.4309E1,1,24,1773,143,0.000147826204566215,0.000416350547488342,0.0561640282932079,302,402
L1_S24_F1778,2.4309E1,1,24,1778,95,0.000122877378192499,0.000351042847837491,0.0561640282932079,363,433
L1_S24_F1783,2.4309E1,1,24,1783,27,9.91906092497885E-5,0.000154648514450351,0.0561640282932079,426,590
L1_S24_F1788,2.4309E1,1,24,1788,597,0.000241938236422712,0.000691733781624571,0.0561640282932079,188,329
L1_S24_F1793,2.4309E1,1,24,1793,39,6.67642189622342E-5,9.71946128016654E-5,0.0561640282932079,527,690
L1_S24_F1798,2.4309E1,1,24,1798,753,0.000304892988831185,0.000801656809391815,0.0561640282932079,142,307
L1_S24_F1803,2.4309E1,1,24,1803,96,9.80806281472013E-5,0.000265542494344295,0.0561640282932079,430,478
L1_S24_F1808,2.431E1,1,24,1808,992,0.000545469964729151,0.00137948208972016,0.0561488223412604,43,228
L1_S24_F1810,2.431E1,1,24,1810,73,5.63751604261142E-5,0.000246091670386583,0.0561488223412604,549,490
L1_S24_F1812,2.431E1,1,24,1812,640,0.000310155435675696,0.0010833384311395,0.0561488223412604,135,275
L1_S24_F1814,2.431E1,1,24,1814,83,8.54828371856797E-5,0.000423858887470097,0.0561488223412604,463,399
L1_S24_F1816,2.431E1,1,24,1816,945,0.000434054489815594,0.00118315575460226,0.0561488223412604,80,256
L1_S24_F1818,2.431E1,1,24,1818,801,0.000372835517888248,0.00118209001037162,0.0561488223412604,103,257
L1_S24_F1820,2.431E1,1,24,1820,539,0.000220537669221699,0.000873346724074686,0.0561488223412604,204,299
L1_S24_F1822,2.431E1,1,24,1822,955,0.000325799756611289,0.00111013618619094,0.0561488223412604,127,270
L1_S24_F1824,2.431E1,1,24,1824,848,0.000260950110394731,0.000859811792158105,0.0561488223412604,175,300
L1_S24_F1829,2.4311E1,1,24,1829,873,0.000486949910543544,0.00213695096468314,0.112289196931439,59,174
L1_S24_F1831,2.4311E1,1,24,1831,996,0.000552566321166736,0.00232111721628847,0.112289196931439,39,159
L1_S24_F1834,2.4311E1,1,24,1834,415,0.000301665856909494,0.0016845305637343,0.112289196931439,146,204
L1_S24_F1836,2.4311E1,1,24,1836,886,0.00054800168650182,0.00222666245604053,0.112289196931439,42,167
L1_S24_F1838,2.4311E1,1,24,1838,786,0.000441439095608231,0.00190796783054026,0.112289196931439,75,192
L1_S24_F1840,2.4311E1,1,24,1840,16,9.57684209428322E-5,1.98978167276209E-7,0.112289196931439,432,953
L1_S24_F1842,2.4311E1,1,24,1842,975,0.000653444233309486,0.00254527826517137,0.112289196931439,16,142
L1_S24_F1844,2.4311E1,1,24,1844,933,0.00096462266426478,0.00258604570917598,0.112289196931439,3,141
L1_S24_F1846,2.4311E1,1,24,1846,709,0.000985221748255327,0.00261669435024814,0.112289196931439,2,140
L1_S24_F1848,2.4311E1,1,24,1848,859,0.000506087185559778,0.0021128491805591,0.112289196931439,54,178
L1_S24_F1850,2.4311E1,1,24,1850,606,0.000295327320525729,0.00155848795126357,0.112289196931439,154,212
L1_S25_F1855,2.51E1,1,25,1855,73,3.2761213249799E-5,0.000284014978992886,0.0468562961511201,642,465
L1_S25_F1858,2.51E1,1,25,1858,828,0.000241537637705846,0.000774457824968877,0.0468562961511201,189,308
L1_S25_F1865,2.51E1,1,25,1865,279,4.3855727140496E-5,6.38867205502436E-5,0.0467067709569697,592,727
L1_S25_F1869,2.5101E1,1,25,1869,451,0.000178560859081855,0.000696434340035523,0.0467067709569697,252,327
L1_S25_F1873,2.5101E1,1,25,1873,5,3.82741990989643E-6,1.25495295764111E-5,0.0467067709569697,909,869
L1_S25_F1877,2.5101E1,1,25,1877,11,4.53268742184321E-6,7.00637088346667E-5,0.0467067709569697,899,712
L1_S25_F1881,2.5101E1,1,25,1881,18,7.67180566008108E-6,0.000107541869702743,0.0467118396076189,841,676
L1_S25_F1885,2.5102E1,1,25,1885,283,0.000112024341591521,0.000586064963883359,0.0468157469459268,400,343
L1_S25_F1890,2.5104E1,1,25,1890,22,9.33236508515733E-6,0.000204264848330027,0.046808143969953,822,531
L1_S25_F1892,2.5104E1,1,25,1892,877,0.000263913890659495,0.000771062796995459,0.046808143969953,173,309
L1_S25_F1894,2.5104E1,1,25,1894,41,1.94615953521549E-5,0.000319162015557595,0.046808143969953,721,448
L1_S25_F1896,2.5104E1,1,25,1896,41,1.79750040789628E-5,0.000280476606458358,0.046260729699843,733,470
L1_S25_F1900,2.5105E1,1,25,1900,447,0.00013296909674132,0.000357327538494268,0.0236359627521759,333,429
L1_S25_F1909,2.5106E1,1,25,1909,66,7.64464965641309E-6,8.10797405250696E-5,0.0236359627521759,842,703
L1_S25_F1914,2.5106E1,1,25,1914,47,1.67070582612894E-6,1.23033541274964E-5,0.0236359627521759,948,871
L1_S25_F1919,2.5106E1,1,25,1919,126,4.0873308673639E-5,0.000235691572402885,0.0236359627521759,601,504
L1_S25_F1924,2.5106E1,1,25,1924,56,5.57474483287024E-6,3.20208475041994E-5,0.0236359627521759,883,784
L1_S25_F1929,2.5106E1,1,25,1929,354,0.000145727456411393,0.000376323076783258,0.0236359627521759,304,418
L1_S25_F1938,2.5106E1,1,25,1938,183,4.37896245504277E-5,0.000229850799532194,0.0236359627521759,593,507
L1_S25_F1943,2.5106E1,1,25,1943,57,1.23128322879751E-5,0.000110564882595199,0.0236359627521759,785,674
L1_S25_F1948,2.5106E1,1,25,1948,189,6.79041498852229E-5,0.000289778827521126,0.0236359627521759,520,462
L1_S25_F1953,2.5106E1,1,25,1953,114,3.20312575983195E-5,0.000208446861174494,0.0236359627521759,651,525
L1_S25_F1958,2.5106E1,1,25,1958,159,5.76066950728205E-5,0.000283879438841339,0.0236359627521759,545,466
L1_S25_F1963,2.5106E1,1,25,1963,21,8.11168343872737E-6,6.29866643588883E-5,0.0236359627521759,834,729
L1_S25_F1968,2.5106E1,1,25,1968,718,0.000138766550906055,0.000350983410148054,0.0236359627521759,318,434
L1_S25_F1973,2.5106E1,1,25,1973,229,7.19879546924318E-5,0.000311943166156681,0.0236359627521759,508,453
L1_S25_F1978,2.5106E1,1,25,1978,523,0.000139477790174425,0.000325031425298938,0.0232549691783802,317,446
L1_S25_F1987,2.5107E1,1,25,1987,36,7.22213043324871E-6,5.58478126846396E-5,0.0232549691783802,851,752
L1_S25_F1992,2.5107E1,1,25,1992,18,7.37009838935876E-6,5.65554977667304E-5,0.0232549691783802,845,747
L1_S25_F1997,2.5107E1,1,25,1997,114,2.82165085909725E-5,0.000181901365824189,0.0232549691783802,669,547
L1_S25_F2002,2.5107E1,1,25,2002,30,1.05901210556425E-5,3.01761543290979E-5,0.0232549691783802,797,792
L1_S25_F2007,2.5107E1,1,25,2007,341,0.000133746054025607,0.000321019034890568,0.0232549691783802,330,447
L1_S25_F2016,2.5107E1,1,25,2016,331,8.90771403199153E-5,0.000238669258346924,0.0232549691783802,451,499
L1_S25_F2021,2.5107E1,1,25,2021,54,3.75057629078412E-5,0.000132139937297104,0.0232549691783802,612,634
L1_S25_F2026,2.5107E1,1,25,2026,474,0.000158728714106715,0.000316788462122908,0.0232549691783802,282,450
L1_S25_F2031,2.5107E1,1,25,2031,84,2.04528548000127E-5,0.000158002230937093,0.0232549691783802,713,583
L1_S25_F2036,2.5107E1,1,25,2036,829,0.000179682135257764,0.000339895359480202,0.0232549691783802,251,440
L1_S25_F2041,2.5107E1,1,25,2041,11,5.2375720009934E-6,4.38789277588114E-5,0.0232549691783802,888,769
L1_S25_F2046,2.5107E1,1,25,2046,657,0.000152074166656746,0.00031163159579517,0.0232549691783802,293,454
L1_S25_F2051,2.5107E1,1,25,2051,310,0.000113660401773075,0.000282410655334076,0.0232549691783802,396,468
L1_S25_F2056,2.5107E1,1,25,2056,203,7.66552740785187E-5,0.000272704689492365,0.0231257185868264,491,472
L1_S25_F2061,2.5108E1,1,25,2061,503,0.000125390226786593,0.000281877470300174,0.0231257185868264,353,469
L1_S25_F2066,2.5108E1,1,25,2066,484,3.78404420562362E-5,0.000187554054980055,0.0231257185868264,610,542
L1_S25_F2071,2.5108E1,1,25,2071,226,8.26774320099588E-5,0.000286197238756003,0.0231257185868264,471,463
L1_S25_F2076,2.5108E1,1,25,2076,648,0.00014405055942035,0.000340225741536138,0.0231257185868264,313,439
L1_S25_F2081,2.5108E1,1,25,2081,39,2.46723633683388E-5,0.000148555775061787,0.0231257185868264,691,598
L1_S25_F2086,2.5108E1,1,25,2086,661,0.000137456106770628,0.000335593948867619,0.0231257185868264,321,441
L1_S25_F2091,2.5108E1,1,25,2091,803,0.000139632042952087,0.000342640920502291,0.0231257185868264,316,437
L1_S25_F2096,2.5108E1,1,25,2096,131,8.98172569918643E-6,0.000147639761677532,0.0234585599794551,826,599
L1_S25_F2101,2.5109E1,1,25,2101,439,0.000133001029052338,0.0003537858946423,0.0234585599794551,332,431
L1_S25_F2106,2.5109E1,1,25,2106,319,5.53034973354016E-5,0.000285396827598206,0.0234585599794551,555,464
L1_S25_F2111,2.5109E1,1,25,2111,232,9.09241967637087E-5,0.000358834767400396,0.0234585599794551,445,428
L1_S25_F2116,2.5109E1,1,25,2116,624,0.00015600825506823,0.00043263928619286,0.0234585599794551,286,387
L1_S25_F2121,2.5109E1,1,25,2121,42,1.02800486860843E-5,0.000157491416381106,0.0234585599794551,814,584
L1_S25_F2126,2.5109E1,1,25,2126,786,0.000185267964182501,0.000451683281335491,0.0234585599794551,243,381
L1_S25_F2131,2.5109E1,1,25,2131,857,0.000182490637051558,0.000440207149072336,0.0234585599794551,247,383
L1_S25_F2136,2.5109E1,1,25,2136,97,4.39550970607883E-5,0.000520262666706906,0.0464558727498359,590,366
L1_S25_F2144,2.511E1,1,25,2144,839,0.000246490672687116,0.000744121735611891,0.0464558727498359,184,316
L1_S25_F2147,2.511E1,1,25,2147,1002,0.000301085356330333,0.000808965701811992,0.0464558727498359,147,306
L1_S25_F2152,2.511E1,1,25,2152,864,0.000255616988964036,0.000756697133783568,0.0464558727498359,178,313
L1_S25_F2155,2.511E1,1,25,2155,845,0.000234067171636099,0.000752431032110756,0.0464558727498359,195,315
L1_S25_F2158,2.511E1,1,25,2158,645,0.000206380799077976,0.000713765816680478,0.0464558727498359,222,321
L1_S25_F2161,2.511E1,1,25,2161,529,0.00017353686241961,0.000681248279986058,0.0464558727498359,265,330
L1_S25_F2164,2.511E1,1,25,2164,974,0.000337753527329454,0.000852726279741312,0.0464558727498359,118,301
L1_S25_F2167,2.511E1,1,25,2167,931,0.000320722843037302,0.000831338946245985,0.0464558727498359,130,304
L1_S25_F2170,2.511E1,1,25,2170,899,0.000303434928779822,0.000731606666549922,0.0464558727498359,143,319
L1_S25_F2173,2.511E1,1,25,2173,815,0.000235254116734751,0.000742180223649136,0.0464558727498359,193,317
L1_S25_F2176,2.511E1,1,25,2176,717,0.000210080171250127,0.000728089958902167,0.0464558727498359,216,320
L1_S25_F2181,2.52E1,1,25,2181,7,1.25321924571153E-6,2.40140079377227E-7,0.00105005545948585,955,949
L1_S25_F2184,2.52E1,1,25,2184,5,1.91124759396644E-6,1.47164657704479E-6,0.00105005545948585,947,936
L1_S25_F2187,2.52E1,1,25,2187,3,7.32782238443974E-7,-8.88178419700125E-16,0.00105005545948585,964,966
L1_S25_F2190,2.52E1,1,25,2190,3,7.32782238443974E-7,-8.88178419700125E-16,0.00105005545948585,964,966
L1_S25_F2193,2.52E1,1,25,2193,292,1.47568371229312E-5,2.51067464418497E-6,0.00105005545948585,764,932
L1_S25_F2196,2.52E1,1,25,2196,209,1.29600134108898E-5,2.51067464596133E-6,0.00105005545948585,781,931
L1_S25_F2199,2.52E1,1,25,2199,38,8.1885536804549E-6,1.29296970907689E-6,0.00105005545948585,831,938
L1_S25_F2202,2.52E1,1,25,2202,7,1.25639957815338E-6,2.40140081153584E-7,0.00105005545948585,954,948
L1_S25_F2207,2.5201E1,1,25,2207,6,3.37886963208689E-6,2.29095841230986E-6,0.00305470679123157,921,933
L1_S25_F2210,2.5201E1,1,25,2210,6,3.80534159560852E-6,3.96381158296322E-6,0.00305470679123157,912,924
L1_S25_F2217,2.5201E1,1,25,2217,427,3.21307078525734E-5,2.83840887123077E-5,0.00305470679123157,649,798
L1_S25_F2220,2.5201E1,1,25,2220,262,3.2271855742394E-5,2.75720302873594E-5,0.00305470679123157,647,806
L1_S25_F2223,2.5201E1,1,25,2223,441,3.2753164852295E-5,2.67709547330242E-5,0.00305470679123157,643,809
L1_S25_F2226,2.5201E1,1,25,2226,6,3.37886963208689E-6,2.29095841230986E-6,0.00305470679123157,921,933
L1_S25_F2231,2.5202E1,1,25,2231,58,1.36039020155465E-5,5.98927702020191E-5,0.00604690022445675,776,737
L1_S25_F2233,2.5202E1,1,25,2233,655,0.000105762801924314,0.000121810386636056,0.00604690022445675,412,658
L1_S25_F2237,2.5203E1,1,25,2237,538,8.53860889922231E-5,0.000119775681322487,0.006039297248483,464,662
L1_S25_F2239,2.5204E1,1,25,2239,724,0.000110650648261768,0.000127607444907696,0.00603676292315841,402,642
L1_S25_F2241,2.5204E1,1,25,2241,667,3.57034393623223E-5,4.22388642542515E-5,0.00380317753709196,624,771
L1_S25_F2243,2.5204E1,1,25,2243,17,1.03144572154434E-5,2.63565818370282E-5,0.00380317753709196,812,812
L1_S25_F2245,2.5204E1,1,25,2245,17,1.03144572154434E-5,2.63565818370282E-5,0.00380317753709196,812,812
L1_S25_F2247,2.5205E1,1,25,2247,767,0.000115822344007199,0.000139303388841938,0.00603760769826661,391,620
L1_S25_F2249,2.5205E1,1,25,2249,432,5.55953717071844E-5,5.91086319419176E-5,0.00302345011222837,554,741
L1_S25_F2258,2.5206E1,1,25,2258,34,6.12630609886367E-6,2.15263579788072E-5,0.00302345011222837,871,830
L1_S25_F2263,2.5206E1,1,25,2263,30,3.4269625572847E-6,8.73022852054817E-6,0.00302345011222837,920,899
L1_S25_F2268,2.5206E1,1,25,2268,96,2.11189709435899E-5,3.8615982724366E-5,0.00302345011222837,708,775
L1_S25_F2273,2.5206E1,1,25,2273,23,4.5193083977324E-6,8.28259917540208E-6,0.00302345011222837,900,904
L1_S25_F2278,2.5206E1,1,25,2278,344,5.07792461075241E-5,5.78410274947316E-5,0.00302345011222837,569,744
L1_S25_F2287,2.5206E1,1,25,2287,222,4.45699016893286E-5,5.25350966738003E-5,0.00302345011222837,588,756
L1_S25_F2292,2.5206E1,1,25,2292,67,1.74536241992485E-5,2.51339570276343E-5,0.00302345011222837,736,816
L1_S25_F2297,2.5206E1,1,25,2297,376,5.15448994100609E-5,5.35552758078595E-5,0.00302345011222837,567,753
L1_S25_F2302,2.5206E1,1,25,2302,71,1.52960096357901E-5,3.3390309852166E-5,0.00302345011222837,755,781
L1_S25_F2307,2.5206E1,1,25,2307,814,6.72005022472888E-5,6.54646703690531E-5,0.00302345011222837,525,723
L1_S25_F2312,2.5206E1,1,25,2312,27,1.72432250966637E-5,2.16608158067899E-5,0.00302345011222837,739,829
L1_S25_F2317,2.5206E1,1,25,2317,590,4.84968988399004E-5,5.32057000590669E-5,0.00302345011222837,573,754
L1_S25_F2322,2.5206E1,1,25,2322,446,5.86910229198878E-5,5.92255850930812E-5,0.00302345011222837,543,740
L1_S25_F2327,2.5206E1,1,25,2327,698,7.95762063940941E-5,7.34471485408506E-5,0.00303950083928407,485,709
L1_S25_F2336,2.5207E1,1,25,2336,74,2.77139504554214E-5,4.44709224067807E-5,0.00303950083928407,671,768
L1_S25_F2341,2.5207E1,1,25,2341,41,1.18103162112249E-5,2.77926320526589E-5,0.00303950083928407,790,804
L1_S25_F2346,2.5207E1,1,25,2346,89,3.2936196470601E-5,4.70063867634707E-5,0.00303950083928407,640,765
L1_S25_F2351,2.5207E1,1,25,2351,24,9.08708179991891E-6,7.25479747476499E-6,0.00303950083928407,824,910
L1_S25_F2356,2.5207E1,1,25,2356,324,5.9244713611406E-5,6.56439330644076E-5,0.00303950083928407,542,722
L1_S25_F2365,2.5207E1,1,25,2365,307,4.3201945095106E-5,5.85445509839744E-5,0.00303950083928407,596,742
L1_S25_F2370,2.5207E1,1,25,2370,309,5.61075757357088E-5,6.37192442463075E-5,0.00303950083928407,552,728
L1_S25_F2375,2.5207E1,1,25,2375,228,4.78512038117884E-5,5.80093073194732E-5,0.00303950083928407,575,743
L1_S25_F2380,2.5207E1,1,25,2380,65,2.70975452814071E-5,4.22578787446781E-5,0.00303950083928407,677,770
L1_S25_F2385,2.5207E1,1,25,2385,743,8.18851408581622E-5,7.10329390116726E-5,0.00303950083928407,475,711
L1_S25_F2390,2.5207E1,1,25,2390,20,1.91829689342171E-5,2.33235856583747E-5,0.00303950083928407,725,821
L1_S25_F2395,2.5207E1,1,25,2395,622,7.08844588146462E-5,6.57159286543418E-5,0.00303950083928407,511,721
L1_S25_F2400,2.5207E1,1,25,2400,300,4.83948906939702E-5,5.75512588252281E-5,0.00303950083928407,574,745
L1_S25_F2405,2.5208E1,1,25,2405,56,1.42930479754E-5,2.72641335952173E-5,0.002926300974786,769,808
L1_S25_F2408,2.5208E1,1,25,2408,452,6.18620279766446E-5,5.92971345483306E-5,0.002926300974786,535,739
L1_S25_F2411,2.5208E1,1,25,2411,75,1.66574511926143E-5,3.53959997880793E-5,0.002926300974786,740,780
L1_S25_F2414,2.5208E1,1,25,2414,737,7.42241646509712E-5,7.35899774246818E-5,0.002926300974786,500,708
L1_S25_F2417,2.5208E1,1,25,2417,686,8.12618722640934E-5,7.1077663680974E-5,0.002926300974786,478,710
L1_S25_F2420,2.5208E1,1,25,2420,555,7.07918562614651E-5,6.59512087990422E-5,0.002926300974786,512,719
L1_S25_F2423,2.5208E1,1,25,2423,530,7.04606391366269E-5,6.39925452947665E-5,0.002926300974786,513,726
L1_S25_F2426,2.5208E1,1,25,2426,721,7.26391983931762E-5,6.90225026982461E-5,0.002926300974786,504,715
L1_S25_F2429,2.5209E1,1,25,2429,37,8.56480252053871E-6,2.78633382873039E-5,0.00305386201612338,830,803
L1_S25_F2431,2.5209E1,1,25,2431,459,4.87125735855187E-5,5.1930360183583E-5,0.00305386201612338,572,758
L1_S25_F2433,2.5209E1,1,25,2433,104,2.03259666928801E-5,4.13450873697485E-5,0.00305386201612338,716,772
L1_S25_F2435,2.5209E1,1,25,2435,646,5.74260772232549E-5,5.60047757538484E-5,0.00305386201612338,547,749
L1_S25_F2437,2.5209E1,1,25,2437,466,6.01345499369188E-5,6.57870137414918E-5,0.00305386201612338,537,720
L1_S25_F2439,2.5209E1,1,25,2439,562,5.62494914984058E-5,6.02471766208979E-5,0.00305386201612338,550,734
L1_S25_F2441,2.5209E1,1,25,2441,654,5.6457624818762E-5,5.99899554707406E-5,0.00305386201612338,548,735
L1_S25_F2443,2.5209E1,1,25,2443,689,6.79962002063661E-5,6.78421747251079E-5,0.00305386201612338,519,718
L1_S25_F2449,2.521E1,1,25,2449,690,0.000102383506316528,0.000126362735610286,0.00596580181407007,417,647
L1_S25_F2451,2.521E1,1,25,2451,871,0.000117986281166438,0.000131776243446957,0.00596580181407007,386,635
L1_S25_F2454,2.521E1,1,25,2454,725,0.000112283820353554,0.000127607444906808,0.00596580181407007,399,643
L1_S25_F2456,2.521E1,1,25,2456,782,0.0001177441142719,0.000135289564355823,0.00596580181407007,388,630
L1_S25_F2458,2.521E1,1,25,2458,534,8.52066743615154E-5,0.000119775681322487,0.00596580181407007,465,662
L1_S25_F2460,2.521E1,1,25,2460,972,0.000128986221616501,0.000137535280813061,0.00596580181407007,344,624
L1_S25_F2462,2.521E1,1,25,2462,914,0.000125583294115827,0.000135480119830333,0.00596580181407007,350,629
L1_S25_F2464,2.521E1,1,25,2464,826,0.000119333128441923,0.000128107948488498,0.00596580181407007,377,639
L1_S25_F2466,2.521E1,1,25,2466,690,0.000103171532673585,0.000127378868525874,0.00596580181407007,415,645
L1_S25_F2468,2.521E1,1,25,2468,624,0.000102973827500463,0.000126267844868799,0.00596580181407007,416,648
L1_S25_F2472,2.5211E1,1,25,2472,7,6.18515073114168E-6,2.65933573118105E-5,0.00833286166723126,870,811
L1_S25_F2475,2.5211E1,1,25,2475,6,5.86336310348656E-6,2.01821379581801E-5,0.00833286166723126,875,839
L1_S25_F2478,2.5211E1,1,25,2478,3,3.45664044054672E-6,1.64970789917618E-7,0.00833286166723126,918,954
L1_S25_F2481,2.5211E1,1,25,2481,3,3.45664044054672E-6,1.64970789917618E-7,0.00833286166723126,918,954
L1_S25_F2484,2.5211E1,1,25,2484,590,7.68019088983607E-5,0.000118000737017177,0.00833286166723126,489,666
L1_S25_F2487,2.5211E1,1,25,2487,541,5.99115787967008E-5,0.000108998978175734,0.00833286166723126,538,675
L1_S25_F2490,2.5211E1,1,25,2490,65,2.06902728692171E-5,6.48653496657659E-5,0.00833286166723126,712,725
L1_S25_F2493,2.5211E1,1,25,2493,7,5.63136760689531E-6,2.602027322407E-5,0.00833286166723126,880,814
L1_S25_F2498,2.5212E1,1,25,2498,57,1.54950422928124E-5,1.4447039212051E-5,0.00362999863991208,754,859
L1_S25_F2500,2.5212E1,1,25,2500,636,3.6041955743471E-5,2.92420082326217E-5,0.00362999863991208,621,795
L1_S25_F2504,2.5213E1,1,25,2504,137,2.67452095332743E-5,2.2215366421996E-5,0.00362999863991208,679,824
L1_S25_F2506,2.5214E1,1,25,2506,595,3.36587728604343E-5,2.73418213012633E-5,0.00362915386480388,634,807
L1_S25_F2508,2.5214E1,1,25,2508,591,1.94183798960523E-5,9.90243620702103E-6,0.0030192262366874,723,891
L1_S25_F2510,2.5214E1,1,25,2510,14,1.57308408255119E-5,9.9024362123501E-6,0.0030192262366874,750,889
L1_S25_F2512,2.5214E1,1,25,2512,14,1.57308408255119E-5,9.9024362123501E-6,0.0030192262366874,750,889
L1_S25_F2514,2.5215E1,1,25,2514,651,3.19378591591146E-5,2.45575803567988E-5,0.00362830908969569,652,819
L1_S25_F2516,2.5215E1,1,25,2516,547,1.57520873482753E-5,1.0259315000205E-5,0.00181373215729375,749,886
L1_S25_F2525,2.5216E1,1,25,2525,249,1.4934279304768E-5,9.08820803235955E-6,0.00181373215729375,761,897
L1_S25_F2530,2.5216E1,1,25,2530,487,1.52270818780664E-5,1.0259315000205E-5,0.00181373215729375,756,886
L1_S25_F2535,2.5216E1,1,25,2535,531,1.36037304265813E-5,1.02593150010932E-5,0.00181373215729375,777,878
L1_S25_F2540,2.5216E1,1,25,2540,13,7.51212848726368E-6,3.67703513148854E-6,0.00181373215729375,843,925
L1_S25_F2545,2.5216E1,1,25,2545,825,1.73652213248943E-5,1.02593150010932E-5,0.00181373215729375,737,878
L1_S25_F2554,2.5216E1,1,25,2554,339,1.38902955235665E-5,8.64618102625059E-6,0.00181373215729375,773,903
L1_S25_F2559,2.5216E1,1,25,2559,267,1.37554995998102E-5,9.08820803324772E-6,0.00181373215729375,774,896
L1_S25_F2564,2.5216E1,1,25,2564,630,1.58105639211925E-5,1.02593150010932E-5,0.00181373215729375,748,878
L1_S25_F2569,2.5216E1,1,25,2569,531,1.43209317844395E-5,1.02593150010932E-5,0.00181373215729375,768,878
L1_S25_F2574,2.5216E1,1,25,2574,655,1.60391403021265E-5,1.02593150010932E-5,0.00181373215729375,745,878
L1_S25_F2579,2.5216E1,1,25,2579,661,1.55386367222121E-5,1.02593150010932E-5,0.00181373215729375,753,878
L1_S25_F2584,2.5216E1,1,25,2584,548,1.51059858506386E-5,1.02593150010932E-5,0.00181373215729375,758,878
L1_S25_F2589,2.5216E1,1,25,2589,608,1.64811673091236E-5,1.02593150010932E-5,0.00181373215729375,741,878
L1_S25_F2594,2.5216E1,1,25,2594,713,2.81037348770496E-5,1.95102799613878E-5,0.00181964558305111,670,843
L1_S25_F2603,2.5217E1,1,25,2603,467,2.31543164534997E-5,1.83391729935423E-5,0.00181964558305111,700,848
L1_S25_F2608,2.5217E1,1,25,2608,606,2.2741733289422E-5,2.06813869318978E-5,0.00181964558305111,702,833
L1_S25_F2613,2.5217E1,1,25,2613,422,2.91332808934897E-5,2.18524939006315E-5,0.00181964558305111,663,828
L1_S25_F2618,2.5217E1,1,25,2618,15,2.24627387979126E-6,3.61273784132976E-6,0.00181964558305111,942,926
L1_S25_F2623,2.5217E1,1,25,2623,839,2.85322428670298E-5,2.06813869318978E-5,0.00181964558305111,665,833
L1_S25_F2632,2.5217E1,1,25,2632,487,2.73762616540552E-5,2.18524939024078E-5,0.00181964558305111,675,826
L1_S25_F2637,2.5217E1,1,25,2637,487,2.67932773141411E-5,1.95102799631641E-5,0.00181964558305111,678,842
L1_S25_F2642,2.5217E1,1,25,2642,732,2.43785700817512E-5,1.90682529552788E-5,0.00181964558305111,693,846
L1_S25_F2647,2.5217E1,1,25,2647,444,2.66946753928465E-5,2.06813869318978E-5,0.00181964558305111,681,833
L1_S25_F2652,2.5217E1,1,25,2652,623,2.82603156680494E-5,2.0681386932786E-5,0.00181964558305111,666,831
L1_S25_F2657,2.5217E1,1,25,2657,381,2.86330724765804E-5,2.0681386932786E-5,0.00181964558305111,664,831
L1_S25_F2662,2.5217E1,1,25,2662,510,2.82537669757943E-5,2.06813869318978E-5,0.00181964558305111,667,833
L1_S25_F2667,2.5217E1,1,25,2667,290,2.37497107740126E-5,2.18524939015197E-5,0.00181964558305111,697,827
L1_S25_F2672,2.5217E1,1,25,2672,84,1.03930892496606E-5,1.40616502877222E-5,0.00183147243456583,811,860
L1_S25_F2677,2.5218E1,1,25,2677,258,2.12570023183645E-5,1.18441588945473E-5,0.00183147243456583,707,873
L1_S25_F2682,2.5218E1,1,25,2682,93,1.31092819160017E-5,1.61261874049856E-5,0.00183147243456583,780,856
L1_S25_F2687,2.5218E1,1,25,2687,495,2.37514730887511E-5,2.05726627644509E-5,0.00183147243456583,696,837
L1_S25_F2692,2.5218E1,1,25,2692,412,2.28957349186487E-5,2.05726627644509E-5,0.00183147243456583,701,837
L1_S25_F2697,2.5218E1,1,25,2697,139,1.78805391133352E-5,1.77884218199864E-5,0.00183147243456583,734,849
L1_S25_F2702,2.5218E1,1,25,2702,59,9.46569221049742E-6,1.26128664978964E-5,0.00183147243456583,820,868
L1_S25_F2707,2.5218E1,1,25,2707,448,2.33629590269402E-5,1.94015557957172E-5,0.00183147243456583,698,845
L1_S25_F2712,2.5219E1,1,25,2712,74,9.06793462540634E-6,3.50821530226142E-6,0.00178838890404791,825,928
L1_S25_F2714,2.5219E1,1,25,2714,202,1.32112375936799E-5,7.05621149688085E-6,0.00178838890404791,778,911
L1_S25_F2716,2.5219E1,1,25,2716,130,1.07153774209223E-5,5.30162248324473E-6,0.00178838890404791,795,920
L1_S25_F2718,2.5219E1,1,25,2718,558,1.51036551283568E-5,8.66934547261167E-6,0.00178838890404791,759,900
L1_S25_F2720,2.5219E1,1,25,2720,564,1.39190291434943E-5,6.76915854125326E-6,0.00178838890404791,771,913
L1_S25_F2722,2.5219E1,1,25,2722,614,1.46735067261261E-5,8.66934547261167E-6,0.00178838890404791,765,900
L1_S25_F2724,2.5219E1,1,25,2724,577,1.4287453820927E-5,9.84045244134535E-6,0.00178838890404791,770,892
L1_S25_F2726,2.5219E1,1,25,2726,448,1.39001802104133E-5,7.72681488481197E-6,0.00178838890404791,772,907
L1_S25_F2732,2.522E1,1,25,2732,611,3.90065929778416E-5,3.04131152013554E-5,0.00360550016177443,607,789
L1_S25_F2734,2.522E1,1,25,2734,838,3.51361057706612E-5,2.92420082326217E-5,0.00360550016177443,626,795
L1_S25_F2737,2.522E1,1,25,2737,592,3.40778725931301E-5,2.80709012647762E-5,0.00360550016177443,633,800
L1_S25_F2739,2.522E1,1,25,2739,652,3.42542485327613E-5,2.80709012647762E-5,0.00360550016177443,632,800
L1_S25_F2741,2.522E1,1,25,2741,137,2.66995910322976E-5,2.22153664202196E-5,0.00360550016177443,680,825
L1_S25_F2743,2.522E1,1,25,2743,955,4.08791553230259E-5,3.04131152031317E-5,0.00360550016177443,600,788
L1_S25_F2745,2.522E1,1,25,2745,910,3.99120261853625E-5,3.04131152013554E-5,0.00360550016177443,604,789
L1_S25_F2747,2.522E1,1,25,2747,759,3.61298273841015E-5,2.57286873273088E-5,0.00360550016177443,619,815
L1_S25_F2749,2.522E1,1,25,2749,623,4.01144939399245E-5,3.04131152013554E-5,0.00360550016177443,603,789
L1_S25_F2751,2.522E1,1,25,2751,663,3.55051671938611E-5,2.87999812256246E-5,0.00360550016177443,625,797
L1_S25_F2755,2.5221E1,1,25,2755,7,1.37145524625737E-6,9.7580786491136E-6,0.00209250794299795,951,893
L1_S25_F2758,2.5221E1,1,25,2758,6,3.82089133843522E-6,8.21927856708982E-6,0.00209250794299795,910,905
L1_S25_F2761,2.5221E1,1,25,2761,3,8.91892039334152E-7,2.3148854566557E-7,0.00209250794299795,961,950
L1_S25_F2764,2.5221E1,1,25,2764,3,8.91892039334152E-7,2.3148854566557E-7,0.00209250794299795,961,950
L1_S25_F2767,2.5221E1,1,25,2767,535,5.32730502076362E-5,5.18602712471505E-5,0.00209250794299795,560,759
L1_S25_F2770,2.5221E1,1,25,2770,566,4.91544266836286E-5,5.07627666062049E-5,0.00209250794299795,571,760
L1_S25_F2773,2.5221E1,1,25,2773,63,1.58536810666021E-5,3.17217879572951E-5,0.00209250794299795,747,787
L1_S25_F2776,2.5221E1,1,25,2776,7,1.11345540254604E-6,9.95064972908466E-6,0.00209250794299795,959,888
L1_S25_F2781,2.5222E1,1,25,2781,70,2.55429628612802E-5,0.00012727536651358,0.0150184118734831,687,646
L1_S25_F2783,2.5222E1,1,25,2783,894,0.000173901629068496,0.000271493946028656,0.0150184118734831,263,474
L1_S25_F2787,2.5223E1,1,25,2787,668,0.000130824825262721,0.000245966358193961,0.0150192566485913,340,492
L1_S25_F2789,2.5224E1,1,25,2789,734,0.000121931328008529,0.000246489731848598,0.0150167223232667,368,489
L1_S25_F2791,2.5224E1,1,25,2791,673,0.000101465768464593,0.000205772857715836,0.0119865140101728,419,529
L1_S25_F2793,2.5224E1,1,25,2793,20,5.47886888213611E-6,6.90201512982824E-5,0.0119865140101728,884,716
L1_S25_F2795,2.5224E1,1,25,2795,20,5.47886888213611E-6,6.90201512982824E-5,0.0119865140101728,884,716
L1_S25_F2797,2.5225E1,1,25,2797,309,8.64125631920842E-5,0.000227794742807319,0.0150175670983749,458,509
L1_S25_F2799,2.5225E1,1,25,2799,359,7.39668619047507E-5,0.000121201971319707,0.00749484475990224,501,660
L1_S25_F2808,2.5226E1,1,25,2808,121,4.43284054298942E-5,9.640571693037E-5,0.00749484475990224,589,692
L1_S25_F2813,2.5226E1,1,25,2813,29,3.92598977505543E-6,4.91542894742736E-5,0.00749484475990224,906,762
L1_S25_F2818,2.5226E1,1,25,2818,95,2.4022604343088E-5,8.93481381059047E-5,0.00749484475990224,695,697
L1_S25_F2823,2.5226E1,1,25,2823,20,1.08828336919942E-6,3.2000894999662E-5,0.00749484475990224,960,785
L1_S25_F2828,2.5226E1,1,25,2828,362,8.50877828497687E-5,0.000124191893495329,0.00749484475990224,466,654
L1_S25_F2837,2.5226E1,1,25,2837,80,2.16184561452337E-5,6.99320772667988E-5,0.00749484475990224,706,713
L1_S25_F2842,2.5226E1,1,25,2842,35,8.61015304032264E-6,3.62502163540057E-5,0.00749484475990224,829,778
L1_S25_F2847,2.5226E1,1,25,2847,392,7.63050386343167E-5,0.000116508167309348,0.00749484475990224,493,667
L1_S25_F2852,2.5226E1,1,25,2852,76,2.07147324999823E-5,8.55212388426452E-5,0.00749484475990224,711,701
L1_S25_F2857,2.5226E1,1,25,2857,3,3.32402664859899E-6,1.55959692866858E-5,0.00749484475990224,923,857
L1_S25_F2862,2.5226E1,1,25,2862,11,2.3377831190885E-6,3.32348531895121E-5,0.00749484475990224,939,782
L1_S25_F2867,2.5226E1,1,25,2867,441,7.17367786400303E-5,0.000110857506029127,0.00749484475990224,509,673
L1_S25_F2872,2.5226E1,1,25,2872,220,5.57194220487389E-5,0.000105149396954829,0.00749484475990224,553,679
L1_S25_F2877,2.5226E1,1,25,2877,809,0.000108511581069948,0.00015498727657981,0.0075489103668267,405,589
L1_S25_F2886,2.5227E1,1,25,2886,509,8.07668933884287E-5,0.000136476534720487,0.0075489103668267,479,626
L1_S25_F2891,2.5227E1,1,25,2891,838,0.000107223591070849,0.000144360192516402,0.0075489103668267,407,610
L1_S25_F2896,2.5227E1,1,25,2896,498,9.07930136531121E-5,0.000146848004371591,0.0075489103668267,446,606
L1_S25_F2901,2.5227E1,1,25,2901,20,1.14725527389226E-6,2.49578491224867E-5,0.0075489103668267,957,818
L1_S25_F2906,2.5227E1,1,25,2906,959,0.000118678554997587,0.000160769209097467,0.0075489103668267,380,579
L1_S25_F2915,2.5227E1,1,25,2915,777,0.000104960805458632,0.000144137365754027,0.0075489103668267,414,611
L1_S25_F2920,2.5227E1,1,25,2920,610,8.89186974841749E-5,0.000132831134914468,0.0075489103668267,452,633
L1_S25_F2925,2.5227E1,1,25,2925,218,6.24199793541891E-5,0.000129135002847391,0.0075489103668267,534,636
L1_S25_F2930,2.5227E1,1,25,2930,478,9.03102567857417E-5,0.000146944501850932,0.0075489103668267,447,605
L1_S25_F2935,2.5227E1,1,25,2935,656,9.87493576225518E-5,0.000139368352679803,0.0075489103668267,428,619
L1_S25_F2940,2.5227E1,1,25,2940,742,9.38865623147933E-5,0.000136525635159757,0.0075489103668267,436,625
L1_S25_F2945,2.5227E1,1,25,2945,503,9.46726324908553E-5,0.00013439565114215,0.0075489103668267,434,631
L1_S25_F2950,2.5227E1,1,25,2950,308,7.0136946453303E-5,0.000133474700267477,0.0075489103668267,514,632
L1_S25_F2955,2.5227E1,1,25,2955,56,1.50116397481526E-5,5.60017216422182E-5,0.00743402095211223,760,750
L1_S25_F2960,2.5228E1,1,25,2960,315,6.77064364555946E-5,8.01794358071817E-5,0.00743402095211223,521,704
L1_S25_F2965,2.5228E1,1,25,2965,123,1.86839721081356E-5,5.99205875024822E-5,0.00743402095211223,727,736
L1_S25_F2970,2.5228E1,1,25,2970,557,8.12764816551237E-5,0.000101168225328685,0.00743402095211223,477,684
L1_S25_F2975,2.5228E1,1,25,2975,731,8.50182634142271E-5,0.00011288637471818,0.00743402095211223,467,672
L1_S25_F2980,2.5228E1,1,25,2980,30,7.29497104856591E-6,3.7852406275185E-5,0.00743402095211223,847,776
L1_S25_F2985,2.5228E1,1,25,2985,732,8.67057278597372E-5,0.000115293324553178,0.00743402095211223,457,668
L1_S25_F2990,2.5228E1,1,25,2990,619,7.23734937597698E-5,9.87120332425206E-5,0.00743402095211223,507,687
L1_S25_F2995,2.5229E1,1,25,2995,110,2.50236990879671E-5,9.80702836743674E-5,0.00758016704582989,688,689
L1_S25_F2997,2.5229E1,1,25,2997,422,6.45002941048745E-5,0.000102138053931,0.00758016704582989,529,682
L1_S25_F2999,2.5229E1,1,25,2999,147,3.33640873044772E-5,9.84970394410922E-5,0.00758016704582989,637,688
L1_S25_F3001,2.5229E1,1,25,3001,915,0.000118255756907715,0.000145377748673958,0.00758016704582989,384,608
L1_S25_F3003,2.5229E1,1,25,3003,956,0.00012658100803975,0.000150003699976864,0.00758016704582989,348,595
L1_S25_F3005,2.5229E1,1,25,3005,499,8.77459075638853E-5,0.000141178698626732,0.00758016704582989,454,616
L1_S25_F3007,2.5229E1,1,25,3007,951,0.00013436939925171,0.000150717654182841,0.00758016704582989,328,592
L1_S25_F3009,2.5229E1,1,25,3009,696,8.46577502944257E-5,0.000128082378187955,0.00758016704582989,468,640
L1_S25_F3015,2.523E1,1,25,3015,789,0.000157689359387092,0.000264406388159166,0.0150133432228339,283,480
L1_S25_F3017,2.523E1,1,25,3017,968,0.000176358673588339,0.000265519018554983,0.0150133432228339,259,479
L1_S25_F3020,2.523E1,1,25,3020,732,0.000120583068062174,0.000246931758853819,0.0150133432228339,373,488
L1_S25_F3022,2.523E1,1,25,3022,309,8.63959587231733E-5,0.000227794742807319,0.0150133432228339,460,509
L1_S25_F3024,2.523E1,1,25,3024,668,0.000130849048458614,0.000245966358195737,0.0150133432228339,339,491
L1_S25_F3026,2.523E1,1,25,3026,965,0.000189810690462977,0.000283182120566217,0.0150133432228339,238,467
L1_S25_F3028,2.523E1,1,25,3028,895,0.000176844172145252,0.000266382616899818,0.0150133432228339,257,477
L1_S25_F3030,2.523E1,1,25,3030,415,0.000107731355976526,0.000224538253156048,0.0150133432228339,406,516
L1_S25_F3032,2.523E1,1,25,3032,789,0.000154496248761404,0.000266746995359668,0.0150133432228339,290,476
L1_S25_F3034,2.523E1,1,25,3034,557,0.000111500713581236,0.000236900931174233,0.0150133432228339,401,503
L2_S26_F3036,26,2,26,3036,917,0.000535818572382496,0.00340728607094309,0.191773242086358,44,110
L2_S26_F3040,26,2,26,3040,724,0.000397267422021841,0.00313741011852731,0.191773242086358,96,118
L2_S26_F3047,26,2,26,3047,1002,0.0004817231238885,0.00394996476305032,0.191773242086358,61,97
L2_S26_F3051,26,2,26,3051,584,0.000291315665618797,0.00263193430699094,0.191773242086358,158,139
L2_S26_F3055,26,2,26,3055,101,8.01297211605601E-5,0.000173855457105354,0.191773242086358,481,557
L2_S26_F3062,26,2,26,3062,656,0.000362354902931017,0.00329029327471364,0.191773242086358,110,115
L2_S26_F3069,26,2,26,3069,963,0.000375254353270904,0.00373607993869118,0.191773242086358,102,101
L2_S26_F3073,26,2,26,3073,842,0.000534155585206975,0.00348631468495064,0.191773242086358,45,108
L2_S26_F3077,26,2,26,3077,91,8.31377297405567E-5,0.000171032915108782,0.191773242086358,469,565
L2_S26_F3106,26,2,26,3106,876,0.000422636702808177,0.00321938243496067,0.191773242086358,86,117
L2_S26_F3113,26,2,26,3113,885,0.000401139091238179,0.00374134747783561,0.191773242086358,94,100
L2_S26_F3117,26,2,26,3117,142,0.0001230891831554,0.00192727530820136,0.191773242086358,360,189
L2_S26_F3121,26,2,26,3121,661,0.000345046920825709,0.00289765478205695,0.191773242086358,116,130
L2_S26_F3125,26,2,26,3125,113,8.84282853199636E-5,0.000183662227319026,0.191773242086358,453,545
L2_S27_F3129,27,2,27,3129,831,0.000304989940698164,0.00193134413094587,0.101988854037222,141,188
L2_S27_F3133,27,2,27,3133,772,0.000370949252678443,0.00211446664094606,0.101988854037222,105,177
L2_S27_F3140,27,2,27,3140,985,0.00035046825387397,0.00243058163334986,0.101988854037222,112,149
L2_S27_F3144,27,2,27,3144,768,0.000298138473446841,0.00195556159075672,0.101988854037222,151,187
L2_S27_F3148,27,2,27,3148,74,3.59454140976823E-5,9.45891417112321E-5,0.101988854037222,622,694
L2_S27_F3155,27,2,27,3155,927,0.000377227831720006,0.00231746576014036,0.101988854037222,99,160
L2_S27_F3162,27,2,27,3162,888,0.000292455510697565,0.00236754603993017,0.101988854037222,157,155
L2_S27_F3166,27,2,27,3166,684,0.000233230907515036,0.00141317392774543,0.101988854037222,197,226
L2_S27_F3170,27,2,27,3170,85,3.61731151539146E-5,9.62282595509123E-5,0.101988854037222,618,693
L2_S27_F3199,27,2,27,3199,907,0.000297182398185214,0.00205397251102113,0.101988854037222,152,181
L2_S27_F3206,27,2,27,3206,835,0.000317807838230877,0.00235255472525253,0.101988854037222,131,158
L2_S27_F3210,27,2,27,3210,141,5.12661868476982E-5,0.00142090463466449,0.101988854037222,568,225
L2_S27_F3214,27,2,27,3214,737,0.000217678209788019,0.00169063304613459,0.101988854037222,206,203
L2_S27_F3218,27,2,27,3218,97,3.66209506204029E-5,0.000123325080959802,0.101988854037222,615,656
L2_S28_F3222,28,2,28,3222,859,0.000120308407664638,0.000172052836892256,0.00809547986182858,374,561
L2_S28_F3226,28,2,28,3226,716,0.000129667203784933,0.000175303606733124,0.00809547986182858,342,554
L2_S28_F3233,28,2,28,3233,778,0.000125419373034674,0.000200212131100663,0.00809547986182858,352,535
L2_S28_F3237,28,2,28,3237,413,7.973486161994E-5,0.000163663546003612,0.00809547986182858,484,574
L2_S28_F3241,28,2,28,3241,63,3.00699671917926E-6,1.50537683030194E-6,0.00809547986182858,929,935
L2_S28_F3248,28,2,28,3248,588,0.000115326703058471,0.000181557398061472,0.00809547986182858,393,548
L2_S28_F3255,28,2,28,3255,688,0.000109298576388639,0.000196353280665917,0.00809547986182858,404,538
L2_S28_F3259,28,2,28,3259,516,9.89664663180179E-5,0.000171717886359168,0.00809547986182858,427,563
L2_S28_F3263,28,2,28,3263,52,2.95782459680538E-6,1.38641364966219E-6,0.00809547986182858,932,937
L2_S28_F3292,28,2,28,3292,230,6.72970672948026E-5,0.000155392285789979,0.00809547986182858,524,588
L2_S28_F3299,28,2,28,3299,744,0.000121813568666695,0.000202208815510474,0.00809547986182858,369,534
L2_S28_F3303,28,2,28,3303,113,4.34883262236951E-5,0.000143113073858281,0.00809547986182858,595,614
L2_S28_F3307,28,2,28,3307,468,8.62229448959084E-5,0.000159701991401917,0.00809547986182858,461,581
L2_S28_F3311,28,2,28,3311,62,7.20686477073684E-6,7.61880518140856E-6,0.00809547986182858,852,908
L3_S29_F3315,29,3,29,3315,118,0.000509719610066739,0.00529987545074029,0.94583470961278,52,66
L3_S29_F3318,29,3,29,3318,118,0.000505543270378439,0.00514193101632721,0.94583470961278,55,69
L3_S29_F3321,29,3,29,3321,217,0.000627177718607541,0.00630073299679168,0.94583470961278,28,55
L3_S29_F3324,29,3,29,3324,211,0.00062855233754533,0.00626986272620123,0.94583470961278,26,57
L3_S29_F3327,29,3,29,3327,500,0.000305364195288149,0.0113693427878356,0.94583470961278,139,10
L3_S29_F3330,29,3,29,3330,469,0.000267908306032183,0.0106216615199344,0.94583470961278,170,13
L3_S29_F3333,29,3,29,3333,149,8.69384637471882E-5,0.00753188755986756,0.94583470961278,455,40
L3_S29_F3336,29,3,29,3336,143,8.00501124444963E-5,0.00757337607553588,0.94583470961278,482,37
L3_S29_F3339,29,3,29,3339,443,0.000665046705572436,0.00770746519495624,0.94583470961278,13,34
L3_S29_F3342,29,3,29,3342,467,0.000652202949934733,0.00772002854960974,0.94583470961278,17,32
L3_S29_F3345,29,3,29,3345,618,0.000692783640932504,0.00977941364232571,0.94583470961278,10,19
L3_S29_F3348,29,3,29,3348,624,0.000723362307192943,0.00997311600328921,0.94583470961278,7,15
L3_S29_F3351,29,3,29,3351,139,0.000437507606914522,0.00718561376260496,0.94583470961278,78,48
L3_S29_F3354,29,3,29,3354,33,0.000174519281507912,0.00426826718321571,0.94583470961278,261,89
L3_S29_F3357,29,3,29,3357,29,7.27774566051664E-5,0.00247223373717898,0.94583470961278,502,146
L3_S29_F3360,29,3,29,3360,5,2.26984917084394E-6,0.000541831768676282,0.94583470961278,940,353
L3_S29_F3367,29,3,29,3367,211,0.00062855233754533,0.00626986272620123,0.94583470961278,26,57
L3_S29_F3370,29,3,29,3370,143,8.00501124444963E-5,0.00757337607553588,0.94583470961278,482,37
L3_S29_F3373,29,3,29,3373,341,0.000656950161490144,0.00827162443239971,0.94583470961278,15,27
L3_S29_F3376,29,3,29,3376,148,9.40651840117823E-5,0.00736547123851139,0.94583470961278,435,46
L3_S29_F3379,29,3,29,3379,356,0.000677573443242707,0.00831440410673245,0.94583470961278,12,26
L3_S29_F3382,29,3,29,3382,142,6.80029791730874E-5,0.00742336006867639,0.94583470961278,518,44
L3_S29_F3385,29,3,29,3385,217,0.000627177718607541,0.00630073299679168,0.94583470961278,28,55
L3_S29_F3388,29,3,29,3388,149,8.69384637471882E-5,0.00753188755986756,0.94583470961278,455,40
L3_S29_F3395,29,3,29,3395,624,0.000723362307192943,0.00997311600328921,0.94583470961278,7,15
L3_S29_F3398,29,3,29,3398,5,2.26984917084394E-6,0.000541831768676282,0.94583470961278,940,353
L3_S29_F3401,29,3,29,3401,618,0.000692783640932504,0.00977941364232571,0.94583470961278,10,19
L3_S29_F3404,29,3,29,3404,29,7.27774566051664E-5,0.00247223373717898,0.94583470961278,502,146
L3_S29_F3407,29,3,29,3407,30,0.000564709596556412,0.0023647132144653,0.94583470961278,37,156
L3_S29_F3412,29,3,29,3412,30,0.000564709596556412,0.0023647132144653,0.94583470961278,37,156
L3_S29_F3421,29,3,29,3421,118,0.000505543270378439,0.00514193101632721,0.94583470961278,55,69
L3_S29_F3424,29,3,29,3424,469,0.000267908306032183,0.0106216615199344,0.94583470961278,170,13
L3_S29_F3427,29,3,29,3427,399,0.000585431217388077,0.00715930362938089,0.94583470961278,32,50
L3_S29_F3430,29,3,29,3430,505,0.000347379241057766,0.0114090430273812,0.94583470961278,114,9
L3_S29_F3433,29,3,29,3433,366,0.000517662914200301,0.00530334900178175,0.94583470961278,49,65
L3_S29_F3436,29,3,29,3436,467,0.000294593494325923,0.0106750675152263,0.94583470961278,155,12
L3_S29_F3439,29,3,29,3439,118,0.000509719610066739,0.00529987545074029,0.94583470961278,52,66
L3_S29_F3442,29,3,29,3442,500,0.000305364195288149,0.0113693427878356,0.94583470961278,139,10
L3_S29_F3449,29,3,29,3449,467,0.000652202949934733,0.00772002854960974,0.94583470961278,17,32
L3_S29_F3452,29,3,29,3452,33,0.000174519281507912,0.00426826718321571,0.94583470961278,261,89
L3_S29_F3455,29,3,29,3455,443,0.000665046705572436,0.00770746519495624,0.94583470961278,13,34
L3_S29_F3458,29,3,29,3458,139,0.000437507606914522,0.00718561376260496,0.94583470961278,78,48
L3_S29_F3461,29,3,29,3461,20,0.000473233507433335,0.0021679811054538,0.94583470961278,64,170
L3_S29_F3464,29,3,29,3464,3,0.000162250473380254,0.000592902668619111,0.94583470961278,275,339
L3_S29_F3467,29,3,29,3467,20,0.000473233507433335,0.0021679811054538,0.94583470961278,64,170
L3_S29_F3470,29,3,29,3470,3,0.000162250473380254,0.000592902668619111,0.94583470961278,275,339
L3_S29_F3473,29,3,29,3473,86,8.9507016419077E-5,0.00450749205385392,0.903338297795052,450,83
L3_S29_F3476,29,3,29,3476,78,0.000120780502385287,0.00402418973690999,0.903338297795052,372,95
L3_S29_F3479,29,3,29,3479,182,0.000215334877571749,0.00741553281147667,0.903338297795052,210,45
L3_S29_F3482,29,3,29,3482,82,1.4840720925946E-5,0.000371833648959985,0.94583470961278,763,420
L3_S29_F3485,29,3,29,3485,51,1.31279970485565E-5,4.68782705844717E-5,0.94583470961278,779,766
L3_S29_F3488,29,3,29,3488,105,3.48041629028018E-5,0.000208339377580025,0.94583470961278,628,526
L3_S29_F3491,29,3,29,3491,106,1.49001116103165E-5,8.75311184413974E-5,0.94583470961278,762,700
L3_S30_F3494,30,3,30,3494,95,6.73744462496018E-5,0.00607639186313058,0.945983390031823,522,61
L3_S30_F3499,30,3,30,3499,95,6.73743470454014E-5,0.00607639186313236,0.945980855706498,523,60
L3_S30_F3504,30,3,30,3504,21,0.000117483525539086,0.00306640456832419,0.945784023106289,389,120
L3_S30_F3509,30,3,30,3509,14,1.88844328175009E-5,0.00240345021735688,0.945784023106289,726,150
L3_S30_F3514,30,3,30,3514,35,3.08016367966957E-5,0.00356466864149319,0.945784023106289,658,104
L3_S30_F3519,30,3,30,3519,40,5.30805681755453E-5,0.0043004841026093,0.945784023106289,561,87
L3_S30_F3524,30,3,30,3524,33,8.22302683936016E-5,0.00354524000062284,0.945784023106289,472,106
L3_S30_F3529,30,3,30,3529,21,0.000117483525539086,0.00306640456832419,0.945784023106289,389,120
L3_S30_F3534,30,3,30,3534,50,3.24883815814303E-5,0.0051359601130212,0.945784023106289,644,71
L3_S30_F3539,30,3,30,3539,35,3.08016367966957E-5,0.00356466864149319,0.945784023106289,658,104
L3_S30_F3544,30,3,30,3544,71,0.000252795246030502,0.00470338864232467,0.945784023106289,180,80
L3_S30_F3549,30,3,30,3549,33,8.22302683936016E-5,0.00354524000062284,0.945784023106289,472,106
L3_S30_F3554,30,3,30,3554,195,9.16872619463049E-5,0.00949936449420008,0.945784023106289,442,22
L3_S30_F3559,30,3,30,3559,50,3.24883815814303E-5,0.0051359601130212,0.945784023106289,644,71
L3_S30_F3564,30,3,30,3564,20,8.02776905093339E-5,0.00284525328570151,0.684484100065301,480,135
L3_S30_F3569,30,3,30,3569,35,3.60468934488267E-5,0.00333039074382668,0.684484100065301,620,112
L3_S30_F3574,30,3,30,3574,446,0.000346351388248678,0.00957158017792636,0.684484100065301,115,21
L3_S30_F3579,30,3,30,3579,33,5.28510842396912E-5,0.00364862836904933,0.684484100065301,562,102
L3_S30_F3584,30,3,30,3584,32,0.000145409261302021,0.00292561718334294,0.684484100065301,306,129
L3_S30_F3589,30,3,30,3589,49,3.86023599059371E-5,0.00444392575531083,0.684484100065301,608,84
L3_S30_F3594,30,3,30,3594,3,1.05184336423036E-5,0.000429468665880783,0.684484100065301,800,389
L3_S30_F3599,30,3,30,3599,3,1.05042651643572E-5,0.000429439746686633,0.684484100065301,802,390
L3_S30_F3604,30,3,30,3604,352,0.000249854393670645,0.00695459738301274,0.684484100065301,182,52
L3_S30_F3609,30,3,30,3609,324,0.000152082442756551,0.00847429023833435,0.684484100065301,292,25
L3_S30_F3614,30,3,30,3614,3,1.05042651643572E-5,0.000429439746686633,0.684484100065301,802,390
L3_S30_F3619,30,3,30,3619,3,1.05042651643572E-5,0.000429439746686633,0.684484100065301,802,390
L3_S30_F3624,30,3,30,3624,36,0.000136167135609711,0.00294470247318657,0.684484100065301,324,127
L3_S30_F3629,30,3,30,3629,188,8.15895552559454E-5,0.00698584292873328,0.684484100065301,476,51
L3_S30_F3634,30,3,30,3634,69,0.000150084262193317,0.00284123723941931,0.684484100065301,297,136
L3_S30_F3639,30,3,30,3639,245,0.000121988483945401,0.00752966183521053,0.684484100065301,367,43
L3_S30_F3644,30,3,30,3644,40,0.000143984026717447,0.00305654724987647,0.684484100065301,314,122
L3_S30_F3649,30,3,30,3649,245,0.000122372706014673,0.00753108666873459,0.684484100065301,366,42
L3_S30_F3654,30,3,30,3654,3,1.05089879856024E-5,0.000429439746684857,0.684484100065301,801,398
L3_S30_F3659,30,3,30,3659,3,1.05042651643572E-5,0.000429439746686633,0.684484100065301,802,390
L3_S30_F3664,30,3,30,3664,52,0.000195020828225978,0.00339131734725306,0.684484100065301,232,111
L3_S30_F3669,30,3,30,3669,192,9.8325306842284E-5,0.00770380281554317,0.684484100065301,429,36
L3_S30_F3674,30,3,30,3674,151,0.000245320440988905,0.00359978221540125,0.684484100065301,185,103
L3_S30_F3679,30,3,30,3679,192,9.99467290636602E-5,0.00772622606420192,0.684484100065301,424,31
L3_S30_F3684,30,3,30,3684,61,0.00020605637192439,0.00346860842874897,0.684484100065301,223,109
L3_S30_F3689,30,3,30,3689,194,0.000101408809026537,0.00755707200825562,0.684484100065301,420,39
L3_S30_F3694,30,3,30,3694,3,1.05042651643572E-5,0.000429439746686633,0.684484100065301,802,390
L3_S30_F3699,30,3,30,3699,3,1.05042651643572E-5,0.000429439746686633,0.684484100065301,802,390
L3_S30_F3704,30,3,30,3704,173,0.000576855738737336,0.00509995798072715,0.684484100065301,34,73
L3_S30_F3709,30,3,30,3709,198,0.00014536326388459,0.00426829616792546,0.684484100065301,307,88
L3_S30_F3714,30,3,30,3714,3,1.05042651643572E-5,0.000429439746686633,0.684484100065301,802,390
L3_S30_F3719,30,3,30,3719,3,1.05042651643572E-5,0.000429439746686633,0.684484100065301,802,390
L3_S30_F3724,30,3,30,3724,96,8.15239065410367E-6,8.01198981124074E-5,0.945988458682472,832,705
L3_S30_F3729,30,3,30,3729,19,6.59601541563859E-6,1.94110684867965E-5,0.945988458682472,868,844
L3_S30_F3734,30,3,30,3734,100,2.18476314230998E-5,0.000120589547478289,0.945988458682472,705,661
L3_S30_F3739,30,3,30,3739,137,1.94220268348033E-5,0.000128836784660358,0.945988458682472,722,637
L3_S30_F3744,30,3,30,3744,905,0.000404003362322491,0.0147579465111658,0.945784023106289,91,2
L3_S30_F3749,30,3,30,3749,874,0.000391088019509489,0.0150246209564546,0.945784023106289,97,1
L3_S30_F3754,30,3,30,3754,888,0.000336101714800918,0.0144860275413876,0.945784023106289,119,4
L3_S30_F3759,30,3,30,3759,719,0.000363125996546643,0.0145619696942401,0.945784023106289,108,3
L3_S30_F3764,30,3,30,3764,42,3.24277942400641E-5,0.00329975511020386,0.945988458682472,646,114
L3_S30_F3769,30,3,30,3769,167,0.000119890422118019,0.00681484456720405,0.945988458682472,375,53
L3_S30_F3774,30,3,30,3774,436,0.000207656937602607,0.0125451482839622,0.945988458682472,220,6
L3_S30_F3779,30,3,30,3779,3,7.18581303615906E-6,0.00014762891718334,0.945988458682472,853,600
L3_S30_F3784,30,3,30,3784,106,6.28748549083014E-5,0.00724685344220966,0.945988458682472,532,47
L3_S30_F3789,30,3,30,3789,3,7.18581303615906E-6,0.00014762891718334,0.945988458682472,853,600
L3_S30_F3794,30,3,30,3794,73,8.30342468933765E-5,0.0043938728183015,0.945988458682472,470,86
L3_S30_F3799,30,3,30,3799,39,2.97623982383755E-5,0.00383842438082738,0.945988458682472,661,99
L3_S30_F3804,30,3,30,3804,242,0.000115756436793291,0.00884169763090803,0.945988458682472,392,23
L3_S30_F3809,30,3,30,3809,405,0.000167000900400893,0.0117442431447223,0.945988458682472,270,7
L3_S30_F3814,30,3,30,3814,3,7.18581303615906E-6,0.00014762891718334,0.945988458682472,853,600
L3_S30_F3819,30,3,30,3819,104,5.62428138710658E-5,0.00661122503398737,0.945988458682472,551,54
L3_S30_F3824,30,3,30,3824,3,7.18581303615906E-6,0.00014762891718334,0.945988458682472,853,600
L3_S30_F3829,30,3,30,3829,100,7.73665798341483E-5,0.00569247413082863,0.945988458682472,488,64
L3_S31_F3834,31,3,31,3834,20,4.21729249602265E-5,9.13138900804356E-5,0.0329487635449129,597,696
L3_S31_F3838,31,3,31,3838,3,3.49591491950463E-5,1.72755676430825E-9,0.0329487635449129,627,965
L3_S31_F3842,31,3,31,3842,15,3.84634572316855E-5,0.000106829502056094,0.0329487635449129,609,677
L3_S31_F3846,31,3,31,3846,50,3.72750130708255E-5,2.27206045462225E-5,0.0329487635449129,613,823
L3_S32_F3850,32,3,32,3850,218,0.00133869268629816,0.001551781847831,0.0207333154804194,1,214
L3_S33_F3855,33,3,33,3855,24,0.000637755789249184,0.00230210487625193,0.941666589228948,21,161
L3_S33_F3857,33,3,33,3857,831,0.000931039424989066,0.0132489178545203,0.941666589228948,4,5
L3_S33_F3859,33,3,33,3859,442,0.000841446850930794,0.0114565463796996,0.941666589228948,5,8
L3_S33_F3861,33,3,33,3861,24,0.000637755789249184,0.00230210487625193,0.941666589228948,21,161
L3_S33_F3863,33,3,33,3863,24,0.000637755789249184,0.00230210487625193,0.941666589228948,21,161
L3_S33_F3865,33,3,33,3865,98,0.000702378637003065,0.0057795642507088,0.941666589228948,9,63
L3_S33_F3867,33,3,33,3867,42,0.000634091999025088,3.61718272685607E-5,0.941666589228948,24,779
L3_S33_F3869,33,3,33,3869,182,0.000641098754243785,4.89449635159289E-5,0.941666589228948,20,763
L3_S33_F3871,33,3,33,3871,58,0.000634030154191834,6.51858010982664E-5,0.941666589228948,25,724
L3_S33_F3873,33,3,33,3873,87,0.000645926714875955,0.000149493876045348,0.941666589228948,19,596
L3_S34_F3876,34,3,34,3876,31,0.000448834817680321,4.46574341950168E-6,0.942023929099715,70,921
L3_S34_F3878,34,3,34,3878,28,0.00044809721063821,7.01090545618399E-7,0.942023929099715,71,941
L3_S34_F3880,34,3,34,3880,52,0.000451553046847408,2.76034143320558E-5,0.942023929099715,69,805
L3_S34_F3882,34,3,34,3882,126,0.000475111472084677,0.000197249270557975,0.942023929099715,63,537
L3_S35_F3884,35,3,35,3884,6,4.87591876385807E-6,2.8162260892195E-5,0.466364011904571,896,799
L3_S35_F3889,35,3,35,3889,368,0.000170117125492197,0.00598367413941858,0.466364011904571,268,62
L3_S35_F3894,35,3,35,3894,11,3.21968052983124E-5,0.000536888144726966,0.466355564153489,648,357
L3_S35_F3896,35,3,35,3896,899,0.00040315910727351,0.00775030620488337,0.466355564153489,92,30
L3_S35_F3898,35,3,35,3898,37,5.37483113660642E-6,2.78651744256564E-5,0.466407095435089,886,802
L3_S35_F3903,35,3,35,3903,91,1.43489713444467E-5,4.05828984213485E-5,0.466407095435089,767,774
L3_S35_F3908,35,3,35,3908,126,1.03937878499494E-5,6.08107997841501E-5,0.466407095435089,810,732
L3_S35_F3913,35,3,35,3913,133,1.96733459461029E-5,0.000156091395987268,0.466407095435089,719,587
L3_S36_F3918,36,3,36,3918,11,2.61820217559716E-5,0.000669101189083143,0.480703224591066,684,332
L3_S36_F3920,36,3,36,3920,890,0.000333388661779566,0.00781989291942331,0.480703224591066,121,28
L3_S36_F3922,36,3,36,3922,11,2.61820217559716E-5,0.000669101189083143,0.480703224591066,684,332
L3_S36_F3924,36,3,36,3924,890,0.000333388661779566,0.00781989291942331,0.480703224591066,121,28
L3_S36_F3926,36,3,36,3926,49,7.27410750300805E-6,5.93638611174896E-5,0.480704069366174,849,738
L3_S36_F3930,36,3,36,3930,64,2.27391790001974E-5,4.06069350917804E-5,0.480704069366174,703,773
L3_S36_F3934,36,3,36,3934,80,7.98030865567512E-6,4.95459723515168E-5,0.480704069366174,836,761
L3_S36_F3938,36,3,36,3938,122,4.364295224768E-5,0.000170931460370838,0.480704069366174,594,566
L3_S37_F3944,37,3,37,3944,25,3.10442577777792E-6,2.8198412174163E-6,0.946480962570549,927,930
L3_S37_F3946,37,3,37,3946,34,5.16693811292157E-6,7.61165437968003E-6,0.946480962570549,891,909
L3_S37_F3948,37,3,37,3948,93,1.61221690184732E-5,6.18062848252166E-5,0.946480962570549,744,731
L3_S37_F3950,37,3,37,3950,120,1.8384957003903E-5,0.000162328918584365,0.946480962570549,729,577
L3_S38_F3952,38,3,38,3952,10,1.64350049676187E-5,0.000163316746686348,0.0229288859866171,742,576
L3_S38_F3956,38,3,38,3956,82,4.58115136314774E-5,0.000552850005653305,0.0229288859866171,585,349
L3_S38_F3960,38,3,38,3960,311,0.000131028846615422,0.000667112002891379,0.0229288859866171,338,334
L3_S39_F3964,39,3,39,3964,17,2.9172526385679E-6,1.11324301776961E-7,0.0506087871817204,933,957
L3_S39_F3968,39,3,39,3968,13,4.0534587544272E-6,1.34403456897303E-5,0.0506087871817204,904,861
L3_S39_F3972,39,3,39,3972,62,9.44268309588381E-6,3.24473755108912E-5,0.0506087871817204,821,783
L3_S39_F3976,39,3,39,3976,53,5.57897894992721E-6,7.9465050717431E-6,0.0506087871817204,882,906
L3_S40_F3980,40,3,40,3980,933,0.000287220208532446,0.00120268341000873,0.0505986498804221,159,251
L3_S40_F3982,40,3,40,3982,921,0.000300294513191801,0.00121091674021923,0.0505986498804221,148,249
L3_S40_F3984,40,3,40,3984,795,0.000256851313432449,0.00118893230508998,0.0506138558323696,177,255
L3_S40_F3986,40,3,40,3986,659,0.000233042374892634,0.00117439120415863,0.0506138558323696,199,259
L3_S40_F3988,40,3,40,3988,14,2.74356302121248E-6,5.26909618159266E-8,0.0506138558323696,936,961
L3_S40_F3990,40,3,40,3990,13,3.0317849759598E-6,3.74160180172112E-7,0.0506138558323696,928,943
L3_S40_F3992,40,3,40,3992,82,5.8146484107624E-6,2.37612178013436E-5,0.0506138558323696,877,820
L3_S40_F3994,40,3,40,3994,39,9.48746078499596E-6,1.52635044994298E-5,0.0506138558323696,818,858
L3_S41_F3996,41,3,41,3996,10,2.73430676678288E-6,6.9768675281523E-8,0.0506130110572614,937,959
L3_S41_F3998,41,3,41,3998,18,4.94533586348211E-6,1.09874050737702E-5,0.0506130110572614,894,875
L3_S41_F4000,41,3,41,4000,84,1.23201740400702E-5,0.000165226811103203,0.0506130110572614,784,572
L3_S41_F4002,41,3,41,4002,36,4.88166853962468E-6,2.65944225592563E-5,0.0506130110572614,895,810
L3_S41_F4004,41,3,41,4004,57,1.77737499882369E-5,0.000533297683198875,0.0506130110572614,735,359
L3_S41_F4006,41,3,41,4006,159,5.76063691415385E-5,0.000831476469861592,0.0506130110572614,546,303
L3_S41_F4008,41,3,41,4008,794,0.000271589867104183,0.00116141175601925,0.0506130110572614,169,263
L3_S41_F4011,41,3,41,4011,75,4.77226198185576E-5,0.000734850099916251,0.0506130110572614,576,318
L3_S41_F4014,41,3,41,4014,126,4.69255468225072E-5,0.000840337482756581,0.0506130110572614,582,302
L3_S41_F4016,41,3,41,4016,70,3.13049482638661E-5,0.000592261708669106,0.0506130110572614,656,342
L3_S41_F4018,41,3,41,4018,104,4.12526701296656E-5,0.000757449074141547,0.0506130110572614,598,312
L3_S41_F4020,41,3,41,4020,841,0.000276933375939592,0.0011818811613864,0.0506130110572614,164,258
L3_S41_F4023,41,3,41,4023,74,1.81436949588942E-5,0.000695076872062828,0.0506130110572614,730,328
L3_S41_F4026,41,3,41,4026,78,3.63736619792832E-5,0.000701814641387522,0.0506130110572614,616,326
L3_S43_F4060,43,3,43,4060,10,1.14697560071875E-6,4.34199619459008E-6,0.0258087243304524,958,923
L3_S43_F4065,43,3,43,4065,68,9.47559830422051E-6,6.63459325789262E-6,0.0258087243304524,819,915
L3_S43_F4070,43,3,43,4070,46,2.01096277763213E-6,1.66208329064332E-5,0.0258087243304524,945,851
L3_S43_F4075,43,3,43,4075,50,3.90553314133513E-6,1.10759593487941E-5,0.0258087243304524,907,874
L3_S43_F4080,43,3,43,4080,328,9.19398820897754E-5,0.000362636604772426,0.0258036556798032,441,427
L3_S43_F4085,43,3,43,4085,172,4.74868377864368E-5,0.000301865739125162,0.0258036556798032,579,459
L3_S43_F4090,43,3,43,4090,284,8.58015125668743E-5,0.000346373607965411,0.0258036556798032,462,436
L3_S43_F4095,43,3,43,4095,179,4.73862089354071E-5,0.000305282465291157,0.0258036556798032,580,457
L3_S44_F4100,44,3,44,4100,9,2.07552376885189E-6,3.21794180191404E-6,0.025177677324631,944,929
L3_S44_F4103,44,3,44,4103,7,2.08840810955735E-6,1.40301822604272E-7,0.025177677324631,943,956
L3_S44_F4106,44,3,44,4106,35,3.81281525640986E-6,1.85839424045042E-5,0.025177677324631,911,847
L3_S44_F4109,44,3,44,4109,38,2.96292088997063E-6,8.7745533035033E-6,0.025177677324631,931,898
L3_S44_F4112,44,3,44,4112,852,0.000148972472947762,0.000497358568300577,0.025177677324631,299,371
L3_S44_F4115,44,3,44,4115,831,0.000159816026084059,0.000527394010501503,0.025177677324631,281,361
L3_S44_F4118,44,3,44,4118,695,0.000160857585209229,0.000528749880071011,0.025177677324631,277,360
L3_S44_F4121,44,3,44,4121,780,0.000117815982816794,0.000468008561519184,0.025177677324631,387,379
L3_S45_F4124,45,3,45,4124,1002,0.000309470392089395,0.00119527321776314,0.0506290617843171,137,253
L3_S45_F4126,45,3,45,4126,10,2.75946422156892E-6,9.50117116538252E-7,0.0506290617843171,935,939
L3_S45_F4128,45,3,45,4128,17,2.90158734905788E-6,2.81919925626539E-7,0.0506290617843171,934,947
L3_S45_F4130,45,3,45,4130,43,3.52912799428395E-6,1.24552309994641E-5,0.0506290617843171,916,870
L3_S45_F4132,45,3,45,4132,59,7.29271910593354E-6,3.17497756840979E-5,0.0506290617843171,848,786
L3_S47_F4138,47,3,47,4138,689,0.000221450359768838,0.00116559889379353,0.0506484916118056,203,262
L3_S47_F4143,47,3,47,4143,25,1.1660151770343E-5,0.000483467449535091,0.0506484916118056,791,377
L3_S47_F4148,47,3,47,4148,20,1.00338853794568E-5,0.000415557669661837,0.0506484916118056,815,404
L3_S47_F4153,47,3,47,4153,670,0.000203727049205682,0.0011244727410622,0.0506484916118056,225,267
L3_S47_F4158,47,3,47,4158,935,0.000301737512071298,0.00120859742142887,0.0506484916118056,144,250
L3_S47_F4163,47,3,47,4163,708,0.000229079587468206,0.00116653898490249,0.0506484916118056,201,261
L3_S47_F4168,47,3,47,4168,20,1.00338853794568E-5,0.000415557669661837,0.0506484916118056,815,404
L3_S47_F4173,47,3,47,4173,8,2.68896396349305E-6,2.54091636620046E-8,0.0506484916118056,938,962
L3_S47_F4178,47,3,47,4178,40,5.72516183083849E-6,1.04773300435568E-5,0.0506484916118056,879,877
L3_S47_F4183,47,3,47,4183,41,3.97869647450477E-6,1.27357948089823E-5,0.0506484916118056,905,867
L3_S47_F4188,47,3,47,4188,32,8.66992798620458E-6,6.6199658137478E-6,0.0506484916118056,828,917
L3_S48_F4193,48,3,48,4193,5,5.59097676067211E-6,0.000204157958888729,0.0506214588083433,881,532
L3_S48_F4196,48,3,48,4196,89,4.58146377049218E-5,0.000766041103786641,0.0506214588083433,584,310
L3_S48_F4198,48,3,48,4198,520,0.000100340710092794,0.000811725362518168,0.0506214588083433,421,305
L3_S48_F4200,48,3,48,4200,28,3.50652590164202E-6,7.13930789153494E-7,0.0506214588083433,917,940
L3_S48_F4202,48,3,48,4202,53,8.00117726029725E-6,2.5026899248104E-5,0.0506214588083433,835,817
L3_S48_F4204,48,3,48,4204,33,6.84425498675978E-6,1.19224444397048E-5,0.0506214588083433,865,872
L3_S49_F4206,49,3,49,4206,4,4.38181105444357E-6,6.62220271419045E-6,0.0250585640343756,903,916
L3_S49_F4211,49,3,49,4211,330,0.000105384771510231,0.000495268034222285,0.0250585640343756,413,373
L3_S49_F4216,49,3,49,4216,14,1.39223715045489E-6,2.09188435462693E-7,0.0250670117854575,950,952
L3_S49_F4221,49,3,49,4221,32,6.95105837777987E-6,9.47700532716311E-6,0.0250670117854575,864,895
L3_S49_F4226,49,3,49,4226,50,3.14836375459038E-6,6.73460743527699E-6,0.0250670117854575,926,914
L3_S49_F4231,49,3,49,4231,42,5.97795176915383E-6,1.99127358335716E-5,0.0250670117854575,873,841
L3_S49_F4236,49,3,49,4236,4,1.63289003136669E-5,5.31243793666647E-5,0.0250670117854575,743,755
L3_S50_F4241,50,3,50,4241,7,1.61748341653833E-6,6.90997859518205E-5,0.025646527509679,949,714
L3_S50_F4243,50,3,50,4243,895,0.000205744482409287,0.000606515467285185,0.025646527509679,224,338
L3_S50_F4245,50,3,50,4245,9,1.30576427004314E-6,5.01414649356491E-7,0.025646527509679,952,942
L3_S50_F4247,50,3,50,4247,14,1.28807553601007E-6,3.70479949829416E-7,0.025646527509679,953,944
L3_S50_F4249,50,3,50,4249,62,1.1225231622447E-5,1.99512670349122E-5,0.025646527509679,792,840
L3_S50_F4251,50,3,50,4251,51,4.65466285781702E-6,5.72502983775536E-6,0.025646527509679,897,918
L3_S50_F4253,50,3,50,4253,4,8.87752499068029E-7,6.07075530334456E-5,0.025646527509679,963,733
L3_S51_F4256,51,3,51,4256,10,3.30945589332998E-6,6.85013527679246E-6,0.0505623245507697,924,912
L3_S51_F4258,51,3,51,4258,16,4.48117011409011E-6,4.40436524407062E-6,0.0505623245507697,901,922
L3_S51_F4260,51,3,51,4260,81,5.33010885384044E-6,9.63413470156382E-6,0.0505623245507697,887,894
L3_S51_F4262,51,3,51,4262,36,7.02296552113069E-6,1.09778032140184E-5,0.0505623245507697,862,876
