,Names,Hash,unicity,is_dup
1,Id,ff9cdff5978794e0f3e92229373ae0d3,TRUE,FALSE
2,L0_S0_F0,9ca983fe814349189e06c5e887d1c19c,TRUE,FALSE
3,L0_S0_F2,a0b5e9f2b7cf51add5a1ade2dd8277fc,TRUE,FALSE
4,L0_S0_F4,8afe3049d5b586e28644cdc693817b9d,TRUE,FALSE
5,L0_S0_F6,54e36b1635536d903be0f2261efd8d8d,TRUE,FALSE
6,L0_S0_F8,16ab3aa1c0cdf429c53e5b36af2f369c,TRUE,FALSE
7,L0_S0_F10,ebde958cd706079417103227152531e9,TRUE,FALSE
8,L0_S0_F12,0b74d213a1f085c5f320d17881e34b93,TRUE,FALSE
9,L0_S0_F14,45356547501e0916d5edca29f6c5c702,TRUE,FALSE
10,L0_S0_F16,e96e30a58c6cf09b8dc7f8dbf9aae927,TRUE,FALSE
11,L0_S0_F18,06a0f0ee11911fc2ad093c278d90fd4b,TRUE,FALSE
12,L0_S0_F20,b9401b817e1d3eebb738d930f946d288,TRUE,FALSE
13,L0_S0_F22,77c84e5d8b674a3dd616244d44dfed39,TRUE,FALSE
14,L0_S1_F24,0ed5702201f1086606d5241d8b280dd7,TRUE,FALSE
15,L0_S1_F28,0f0ee874d241a61057e31285a4b2e5c5,TRUE,FALSE
16,L0_S2_F32,e78545f8c74e6662a30061a8bf0c59fa,TRUE,FALSE
17,L0_S2_F36,32295173c326d3fa1f36d599f4878427,TRUE,FALSE
18,L0_S2_F40,4889eed58bce0f619232f44836860c01,TRUE,FALSE
19,L0_S2_F44,e737f96ba6729ac317f9b7704d07fba2,TRUE,FALSE
20,L0_S2_F48,7482aab7cb1a1ae423d86fc40c7c069b,TRUE,FALSE
21,L0_S2_F52,71bd6cedb042b985e161d8926024b89f,TRUE,FALSE
22,L0_S2_F56,5f0a2aeb28c2d16184b7c18434f940d6,TRUE,FALSE
23,L0_S2_F60,1653fe822781c4da42fbef616995c76e,TRUE,FALSE
24,L0_S2_F64,a1a8eda2a49a11a186c2af9aa4cead97,TRUE,FALSE
25,L0_S3_F68,3ea923b44840c08b9816a86944f012ed,TRUE,FALSE
26,L0_S3_F72,79717be3e64f37339ac257a064d7420c,TRUE,FALSE
27,L0_S3_F76,599f970bf9bdb849430b861db72f32a4,TRUE,FALSE
28,L0_S3_F80,0971d6055b8678ebe6de15d4dc0b5c39,TRUE,FALSE
29,L0_S3_F84,d2529f8a61e47efa1370a7d88f3a058d,TRUE,FALSE
30,L0_S3_F88,c8e326289abff86e1b2c8aef50fd25ac,TRUE,FALSE
31,L0_S3_F92,3e1eb0aec7c14b16d6e5fa52a47efb24,TRUE,FALSE
32,L0_S3_F96,3e56efcadfaaf3c36e0f12052112dde3,TRUE,FALSE
33,L0_S3_F100,6b30bf9007653936eb5718ffad4e9af9,TRUE,FALSE
34,L0_S4_F104,f2739fa9a4d59fb50433490323b0d0a6,TRUE,FALSE
35,L0_S4_F109,fe7c2126817830b4515f8c3646d756d9,TRUE,FALSE
36,L0_S5_F114,592bcde440c584fd2dbc5c8a80261898,TRUE,FALSE
37,L0_S5_F116,4dd74889c9d35fe90e35eea25760051e,TRUE,FALSE
38,L0_S6_F118,e3169666674762968b913815665c2474,TRUE,FALSE
39,L0_S6_F122,9b911a7c8392c997f128bee7b46cc1d8,TRUE,FALSE
40,L0_S6_F132,74cc1d4d4e699d2d2bea4cc8b72d93d7,TRUE,FALSE
41,L0_S7_F136,d95e7dc9ab31684457ebc55a6131cd12,TRUE,FALSE
42,L0_S7_F138,f279c4c2f17b3cd564e08b3dc7ecdf90,TRUE,FALSE
43,L0_S7_F142,a5d854cdf9cfef3dcf1cfe21b14ed1a9,TRUE,FALSE
44,L0_S8_F144,8264cd77f05f193c57d885407be9c909,TRUE,FALSE
45,L0_S8_F146,3b93d06fcff027eeb25be33b99da5199,TRUE,FALSE
46,L0_S8_F149,628a8b5ff9a458422b2078253a228edf,TRUE,FALSE
47,L0_S9_F155,c4f84e4239e3f853b03e404a5967a3fb,TRUE,FALSE
48,L0_S9_F160,fb85c3351ab102cb4f8aabe8959195c3,TRUE,FALSE
49,L0_S9_F165,c73cda906db1cbccf8647921f316bf63,TRUE,FALSE
50,L0_S9_F170,8cce629accf408f698d6d8a9765df42f,TRUE,FALSE
51,L0_S9_F175,8bdb62d1147f7b498c3adc46f9787933,TRUE,FALSE
52,L0_S9_F180,4b9c84b785616a3e99fa1706f81aef08,TRUE,FALSE
53,L0_S9_F185,f2aed4bcb23369d632dc37df4d1312e4,TRUE,FALSE
54,L0_S9_F190,9ddcaae6f27a9cfd40fbb914f7f78711,TRUE,FALSE
55,L0_S9_F195,0e885ba2be9627bd896e2060f0e7085a,TRUE,FALSE
56,L0_S9_F200,90205e9f0ce28ee78f921297714c900e,TRUE,FALSE
57,L0_S9_F205,fbea60187647b0926155eaf145372ea4,TRUE,FALSE
58,L0_S9_F210,61ea1b81c15ea44960e26c806556c791,TRUE,FALSE
59,L0_S10_F219,40489fbb4fcbcf4ef56142627071e3fb,TRUE,FALSE
60,L0_S10_F224,a0d0c982713bf307c5052f8c090cd7be,TRUE,FALSE
61,L0_S10_F229,e05f4d08ea33dd88c48cc9024b346981,TRUE,FALSE
62,L0_S10_F234,2a22bf52a823179500eb48e4b10b97ca,TRUE,FALSE
63,L0_S10_F239,46963a7161acdb467efebb95135ec0e0,TRUE,FALSE
64,L0_S10_F244,6b9ca96e231dbef92e116ebf3b3c5b04,TRUE,FALSE
65,L0_S10_F249,457fdb72a8a1c8a33213ee7a90495e79,TRUE,FALSE
66,L0_S10_F254,4b23b5c2ae75a84d915622d86bc15de8,TRUE,FALSE
67,L0_S10_F259,a5a897a4c7707be839ec929ca3952886,TRUE,FALSE
68,L0_S10_F264,d6cc7044af906f8f707fcc0bb6d345c5,TRUE,FALSE
69,L0_S10_F269,5c31749233cda433c46ea83e5411f628,TRUE,FALSE
70,L0_S10_F274,3e399f362bf1aa0f84869d9453a83681,TRUE,FALSE
71,L0_S11_F282,2a08d9525c8daf42db0f06b12ed2533e,TRUE,FALSE
72,L0_S11_F286,0df309e5dfdcc82d53b4c2e190b4a72d,TRUE,FALSE
73,L0_S11_F290,7ba204ed7b6717647cb7c6986c2a79c1,TRUE,FALSE
74,L0_S11_F294,3359d31e4124de7bc3c297f8c16ef72c,TRUE,FALSE
75,L0_S11_F298,4eec14b3b27540f223755b8f466119f9,TRUE,FALSE
76,L0_S11_F302,68dcf38d5701b415968e4a29ae7f644b,TRUE,FALSE
77,L0_S11_F306,254b8040194ad3bac4d6af6b8cbb6965,TRUE,FALSE
78,L0_S11_F310,743819848b18c899519f87104d4f6309,TRUE,FALSE
79,L0_S11_F314,0bd39747a8db1af2b609c57518b9ab95,TRUE,FALSE
80,L0_S11_F318,e3045f0660e76621e7d855e7d4c8baa9,TRUE,FALSE
81,L0_S11_F322,71134eadecb63ea7a73bfada84598c52,TRUE,FALSE
82,L0_S11_F326,85392e89eb94238eeea1bc8912041d9f,TRUE,FALSE
83,L0_S12_F330,d53765159aa0d3a7b0f8f6cc1106db9a,TRUE,FALSE
84,L0_S12_F332,e3a07a0644faa681661caf00cdc158e5,TRUE,FALSE
85,L0_S12_F334,c6055387e8b923cd718df1a3130909ad,TRUE,FALSE
86,L0_S12_F336,5d8cf6619e6aaabfbd44126e9af4adcd,TRUE,FALSE
87,L0_S12_F338,5eed6634d55e1867feb71f8552e18dc8,TRUE,FALSE
88,L0_S12_F340,b40ec76ec7b9c3d97623c41407286be6,TRUE,FALSE
89,L0_S12_F342,1e6ad31fdb5d4f14a3af52db8fbc4971,TRUE,FALSE
90,L0_S12_F344,bf48cad966979a266477b8cbaddea2fa,TRUE,FALSE
91,L0_S12_F346,fcc39638c730402d8830334f9f46d29e,TRUE,FALSE
92,L0_S12_F348,89bc2967de90551d1c63a562e00254c6,TRUE,FALSE
93,L0_S12_F350,127b118112258669e02e77247e188116,TRUE,FALSE
94,L0_S12_F352,ccf0e382b656ef3a8efd2183b5639c5d,TRUE,FALSE
95,L0_S13_F354,8054b0b229ed0271c681e5a39b4e8445,TRUE,FALSE
96,L0_S13_F356,14a70bdfc3ba3507985f9329056bc309,TRUE,FALSE
97,L0_S14_F358,d18cf0c4a4e424f1e0131e224c83995c,TRUE,FALSE
98,L0_S14_F362,4bc267804e23a9c65e2d0c2f3d37ea38,TRUE,FALSE
99,L0_S14_F366,f32a0fcaded30beeef839e9fdf4661a8,TRUE,FALSE
100,L0_S14_F370,cdb9fb8924e963fd601677e681254fbc,TRUE,FALSE
101,L0_S14_F374,d1468dce176f93f26ae1c703408057ff,TRUE,FALSE
102,L0_S14_F378,10c7ac1bd24798c5acc45b2534daa7be,TRUE,FALSE
103,L0_S14_F382,1dff9a16c6841327d9f227448e13661e,TRUE,FALSE
104,L0_S14_F386,8c61bd791e2bcab0d79cae4a28b69167,TRUE,FALSE
105,L0_S14_F390,966832bed298921effab0a7b7b993279,TRUE,FALSE
106,L0_S15_F394,6b5e0ec38a8ed2727cb525a76414c045,TRUE,FALSE
107,L0_S15_F397,678220ae2797d089ff434f30a35c4495,TRUE,FALSE
108,L0_S15_F400,bd1b1b06a9f15c031db2682011db7d4c,TRUE,FALSE
109,L0_S15_F403,fe3ada2f97eca5aae994b8ae2eaf35c9,TRUE,FALSE
110,L0_S15_F406,75fa0e0c9d1bec5c7704bd431522d65a,TRUE,FALSE
111,L0_S15_F409,ba268245a79b02fcf22fd7f3f86b2253,TRUE,FALSE
112,L0_S15_F412,0b1c2ec0332a4c8bcc04bb859db3e5e7,TRUE,FALSE
113,L0_S15_F415,e2120864ae9eb5c56de2d2a3be88789f,TRUE,FALSE
114,L0_S15_F418,953999967b18865d8c6f8454b0a1eac6,TRUE,FALSE
115,L0_S16_F421,ce29c8582006b666dbf954ff5156555e,TRUE,FALSE
116,L0_S16_F426,c9028e2ff03e4aa312ba751946ca76c2,TRUE,FALSE
117,L0_S17_F431,4a0591c1cede47927e24fb284c7969c3,TRUE,FALSE
118,L0_S17_F433,ee5806d5b645a115e664ef799d227218,TRUE,FALSE
119,L0_S18_F435,d822bd10f7a5bcb9c75d9355576138be,TRUE,FALSE
120,L0_S18_F439,c16be97fe6c654f0d13f4d8dfd19cb27,TRUE,FALSE
121,L0_S18_F449,7340da456896711cc6eba404d037b3c9,TRUE,FALSE
122,L0_S19_F453,880d8244d0cd3fab86eebac1b008fdd5,TRUE,FALSE
123,L0_S19_F455,dc3f0043abf87cd25a8d6aa5d2f926bd,TRUE,FALSE
124,L0_S19_F459,eabc5798afa10d54841b5e525efcf693,TRUE,FALSE
125,L0_S20_F461,fb1b5df6801755bfb2b2fc5ce88096a7,TRUE,FALSE
126,L0_S20_F463,95be290cb5559c374555152c8923451b,TRUE,FALSE
127,L0_S20_F466,ffc4294994869aa3218da357d9c12dd5,TRUE,FALSE
128,L0_S21_F472,02104d71dda6d5b49265cf47f836211d,TRUE,FALSE
129,L0_S21_F477,21fa6577d772d374315f31cb53a878cc,TRUE,FALSE
130,L0_S21_F482,6d7f45bd242d24702746a1ce721d1ac2,TRUE,FALSE
131,L0_S21_F487,c85d9729a182e27409f5e7bafc1f09f2,TRUE,FALSE
132,L0_S21_F492,4d3536a7f952d7f26a7cda1c4deca63c,TRUE,FALSE
133,L0_S21_F497,7f3ce7b98d0547589a3376bf0c50dba1,TRUE,FALSE
134,L0_S21_F502,551e3a00e5f70d19c07b4046c01a53ce,TRUE,FALSE
135,L0_S21_F507,80787ad65e268223e3722256812aff15,TRUE,FALSE
136,L0_S21_F512,43c6864e70928154c26c5143d05e4bff,TRUE,FALSE
137,L0_S21_F517,9c303c25e204f1de6d795f692504ae18,TRUE,FALSE
138,L0_S21_F522,1f7d8ba0f613ea07c73c755bfe1281b5,TRUE,FALSE
139,L0_S21_F527,923a89467edb5161e03450f917fd9e3c,TRUE,FALSE
140,L0_S21_F532,5d0a10dd7de5bd953ee860fee4957f58,TRUE,FALSE
141,L0_S21_F537,8ef73b5720c2f95f1cd97db3426fdd9c,TRUE,FALSE
142,L0_S22_F546,7183922ad873384e59e8df5974317753,TRUE,FALSE
143,L0_S22_F551,b6266061e98bfdb65fa7f7086b5a925a,TRUE,FALSE
144,L0_S22_F556,618d6ece751326f38278bcb0c71db4ba,TRUE,FALSE
145,L0_S22_F561,f7e292678885df60622d7c0df4aa3b53,TRUE,FALSE
146,L0_S22_F566,eadf0223a69c8611fee63d2eafdd2bbc,TRUE,FALSE
147,L0_S22_F571,94316211cc22299e8ca31d1ed46ca888,TRUE,FALSE
148,L0_S22_F576,a4cbe3533dc8b03de930eaa5a0fd1614,TRUE,FALSE
149,L0_S22_F581,c51f0874b45b9905c439a3f9eb8facbe,TRUE,FALSE
150,L0_S22_F586,4f85061daf4c04be9a5e72e1b800baf3,TRUE,FALSE
151,L0_S22_F591,943cabed482c280902aff0fff4d1dcf1,TRUE,FALSE
152,L0_S22_F596,38fdbc1fe74b182553460fdad5ef12f7,TRUE,FALSE
153,L0_S22_F601,0a7b42325218edbae885ff1305ad1599,TRUE,FALSE
154,L0_S22_F606,844fbc2494afedf919cede451535da0b,TRUE,FALSE
155,L0_S22_F611,251b0072cc8c0b8be73d196462f438b0,TRUE,FALSE
156,L0_S23_F619,16d4364818c9d646f8de10de8c5b90af,TRUE,FALSE
157,L0_S23_F623,c696e01385913983b087d6b26059bca2,TRUE,FALSE
158,L0_S23_F627,cb2fcbf5f6a7ede84a1bd5318c7eb0c7,TRUE,FALSE
159,L0_S23_F631,73cfb6d143292db8026aaa7792c3ee96,TRUE,FALSE
160,L0_S23_F635,2db2e1c44b465ca9fe12b3f924cfc884,TRUE,FALSE
161,L0_S23_F639,89fbaa6a4fc3ca2c291f685bffeffcb2,TRUE,FALSE
162,L0_S23_F643,9fb6e0a3685d06e4a898b2aa40956cd4,TRUE,FALSE
163,L0_S23_F647,1e8502682c5d0f21526be0c56198c20e,TRUE,FALSE
164,L0_S23_F651,4e4325ab321e6cf390609cdc2e655e18,TRUE,FALSE
165,L0_S23_F655,bbe7f889bcd4eb332b29adcd2e7faef7,TRUE,FALSE
166,L0_S23_F659,04865094eee596ef3223bf6497149496,TRUE,FALSE
167,L0_S23_F663,8bab135e16cc77c1be94b3b4c25b909d,TRUE,FALSE
168,L0_S23_F667,03a44ad65dfdac1944427702558f77bd,TRUE,FALSE
169,L0_S23_F671,8e571902f94a419603cd0312550086ff,TRUE,FALSE
170,L1_S24_F679,0324ceba1d5cec83dba5f71782630e8f,TRUE,FALSE
171,L1_S24_F683,d7c8b852d59f60d4e362ee0d975a7a23,TRUE,FALSE
172,L1_S24_F687,868b546e872774ced624ef3f4493ac5b,TRUE,FALSE
173,L1_S24_F691,ce877251e5f8bbe66140f580af7342a9,TRUE,FALSE
174,L1_S24_F700,77b091bce1e33ce673cc2e00d23182e1,TRUE,FALSE
175,L1_S24_F719,1f0f913e27a62d6d97d9052784f15f37,TRUE,FALSE
176,L1_S24_F728,26008bfe06ae5c744d419204d1aa5f67,TRUE,FALSE
177,L1_S24_F733,393462bdaaee59a6cb9296e79a6d7c78,TRUE,FALSE
178,L1_S24_F746,2b17d409cf1fc3be2042f3f1a60c614a,TRUE,FALSE
179,L1_S24_F751,9069e419ffe1905baa257f5d3e64f436,TRUE,FALSE
180,L1_S24_F756,629440bb5aaa49bfdbc14f50802d755e,TRUE,FALSE
181,L1_S24_F761,59d1f93bed692c77f81c7f8c597fef01,TRUE,FALSE
182,L1_S24_F766,38a98d1b01465beef3d05977ddca333b,TRUE,FALSE
183,L1_S24_F775,ca4219bf42a22a2be024c7d6de221b98,TRUE,FALSE
184,L1_S24_F780,3d0c23ed8980162128cc4a047ade747c,TRUE,FALSE
185,L1_S24_F785,4073c395c12dcf9284b206f0844d8394,TRUE,FALSE
186,L1_S24_F790,f02bd2be57aa5efffed6fad60aa34469,TRUE,FALSE
187,L1_S24_F795,d65321ef34cf7abb8873a98b8c218518,TRUE,FALSE
188,L1_S24_F800,76e642798b7daa10d57337c514443685,TRUE,FALSE
189,L1_S24_F802,5f7f2e68aa9f121fec91ae0d6f6a51f2,TRUE,FALSE
190,L1_S24_F806,b70372a46398f2184b0d0ad73267d4dd,TRUE,FALSE
191,L1_S24_F808,a90b471531b7d94d6823c906a0ec28cf,TRUE,FALSE
192,L1_S24_F810,6aa9d94187ca48aba8acb8cdbf432036,TRUE,FALSE
193,L1_S24_F812,a458c6f18645e9c7c51dfac1f12fcdcd,TRUE,FALSE
194,L1_S24_F814,bd9b8bac29076620d382557dfb367891,TRUE,FALSE
195,L1_S24_F816,52657efd85c5385776dd77994a8f2812,TRUE,FALSE
196,L1_S24_F829,8627279368761ea54436461e13810da4,TRUE,FALSE
197,L1_S24_F834,60fb07ab3fe44c3abcc7f585be9c6a43,TRUE,FALSE
198,L1_S24_F839,a8595c08dce7dfb0432306659c4a4629,TRUE,FALSE
199,L1_S24_F844,71e205ab2f8972a41d8580b6971e1ba6,TRUE,FALSE
200,L1_S24_F857,a39024ac8468835037297950ceff2db9,TRUE,FALSE
201,L1_S24_F862,9e3e95c5aa6948c3e789fc2fe824ab47,TRUE,FALSE
202,L1_S24_F867,96f25f3ddc095ecc58451edd7da582d0,TRUE,FALSE
203,L1_S24_F872,506d0d6f69f90a78b5483138510ce8c3,TRUE,FALSE
204,L1_S24_F877,aab89d0affbd874b75d843a44d894c65,TRUE,FALSE
205,L1_S24_F882,9c3d415f3fbb8d3f6f9a938b7aa69df6,TRUE,FALSE
206,L1_S24_F887,51006603af99b93493467ce19d812b6e,TRUE,FALSE
207,L1_S24_F892,e80b899712b7180b158906355a345051,TRUE,FALSE
208,L1_S24_F897,9468cd13fc1e2095e7c5d7a9df195d3d,TRUE,FALSE
209,L1_S24_F902,ebf03b0668f56373233477123e577976,TRUE,FALSE
210,L1_S24_F907,f9596fa27ed9fdbb5412f818fe41e8ea,TRUE,FALSE
211,L1_S24_F920,ec0956225cd9ccc02d9cd8bf50618d32,TRUE,FALSE
212,L1_S24_F925,c8a33c6dd7cf91fa9930febb277cba6a,TRUE,FALSE
213,L1_S24_F930,e39b306db85472953de693a0ef2270e6,TRUE,FALSE
214,L1_S24_F935,2cbe3f303d2070405ff67977313e1727,TRUE,FALSE
215,L1_S24_F948,a02ba2c3509c2c074e2e6155c2aaedb6,TRUE,FALSE
216,L1_S24_F953,dc7832418eacee66c70e5c38a4edd743,TRUE,FALSE
217,L1_S24_F958,8a741dd6b6665bab10e002a3fd3d1c85,TRUE,FALSE
218,L1_S24_F963,43f309e886ca8e436b487c37d8e683c9,TRUE,FALSE
219,L1_S24_F968,bff69be1c325b21f6213e2d5332e2059,TRUE,FALSE
220,L1_S24_F973,42dd355e2a2e1379309a24c645be966d,TRUE,FALSE
221,L1_S24_F978,94f21f903d08c79b8fe17ae45914af79,TRUE,FALSE
222,L1_S24_F983,613ac69748b47ef8d4152073330f8889,TRUE,FALSE
223,L1_S24_F988,17fda6ebca2beb2d0eb1c8b09f8e30ca,TRUE,FALSE
224,L1_S24_F993,d9aac3754d77b9d6bc0717b0bbddd551,TRUE,FALSE
225,L1_S24_F998,8fa9a38760792007951722ae8d048f61,TRUE,FALSE
226,L1_S24_F1000,260b2115495dfa0af22bfdba02c3031d,TRUE,FALSE
227,L1_S24_F1002,ccad4507ef951e8960da2dc12a83a968,TRUE,FALSE
228,L1_S24_F1004,01d19a0378c35e35f28c4a79a8279a5d,TRUE,FALSE
229,L1_S24_F1006,c853591ef6817b1647fbb3356d9f8c20,TRUE,FALSE
230,L1_S24_F1008,d178bdf2e4489d22c976a16fc204b375,TRUE,FALSE
231,L1_S24_F1010,3d70e03e2dd1012a65ff7e7dddc17e53,TRUE,FALSE
232,L1_S24_F1012,8c5ec00dfb72a5f2d9942f4dfe42235e,TRUE,FALSE
233,L1_S24_F1014,57c0dc885e68417c8bbbf4e86e0438cc,TRUE,FALSE
234,L1_S24_F1016,846f402c7e3cb2e7ca1b2b1a8813c16e,TRUE,FALSE
235,L1_S24_F1021,d147a7d712ad9de21d0dbe98fddef13d,TRUE,FALSE
236,L1_S24_F1026,5c1a570f0900b8dd1e8db727eac95aaa,TRUE,FALSE
237,L1_S24_F1031,fee1afe607cbd7756f59b79b641c182e,TRUE,FALSE
238,L1_S24_F1036,c0a119589042748f68a50cf954be19dc,TRUE,FALSE
239,L1_S24_F1041,ce98f58130aa9b66eca9a6336959973a,TRUE,FALSE
240,L1_S24_F1046,d52a7321a6c24a588e80c967c871e2f0,TRUE,FALSE
241,L1_S24_F1051,c9decbad060f41c18538990e4d6ef34e,TRUE,FALSE
242,L1_S24_F1056,8e6358a2f732907c67905a6f488dd184,TRUE,FALSE
243,L1_S24_F1068,09bd586e84fa5eae5f27fcf638695911,TRUE,FALSE
244,L1_S24_F1072,a6c5f8575c65179051c69b6319c0ddb0,TRUE,FALSE
245,L1_S24_F1079,6855841ce844f6cf9fea32586596d0fb,TRUE,FALSE
246,L1_S24_F1083,d0f8a3482e7f10d12aafb8b9c882db17,TRUE,FALSE
247,L1_S24_F1087,7589e869844fc2a24b4d4ac64c585eb8,TRUE,FALSE
248,L1_S24_F1094,6e13738316bab2d3f1413dcdc351f716,TRUE,FALSE
249,L1_S24_F1098,616e0f124d3a1ab1e1d6b11ea3f55b4d,TRUE,FALSE
250,L1_S24_F1102,2ed9a79372b5547a98fa07f62b2ee41c,TRUE,FALSE
251,L1_S24_F1106,6bc04630fd4a7dccdb6e4274f72adbd3,TRUE,FALSE
252,L1_S24_F1110,fc1ed63e57c84459d80f00b881f54026,TRUE,FALSE
253,L1_S24_F1118,ff3dbb13ebe440bf738f91c902cf5e7a,TRUE,FALSE
254,L1_S24_F1122,1c0de488d9e3a5badcee77e7f3d9fe8d,TRUE,FALSE
255,L1_S24_F1126,e221a10d985af4dccb6ca4b44b4ee21e,TRUE,FALSE
256,L1_S24_F1130,093dc0a9d0b154bdc72cd65ad543ea01,TRUE,FALSE
257,L1_S24_F1134,80748c2f56f5e94ac34261e5fa3bd5f8,TRUE,FALSE
258,L1_S24_F1145,ebaf0d83ec50366a81ff1056de2da41c,TRUE,FALSE
259,L1_S24_F1148,1acac23a2ba24f47a1b08c600ec01600,TRUE,FALSE
260,L1_S24_F1161,daf1a775cd02c4c9b2743217687717bd,TRUE,FALSE
261,L1_S24_F1166,68f8be7ae48e1aca7f1e589c36398167,TRUE,FALSE
262,L1_S24_F1170,a5ee2d50afdf239f41e1f348fbc52d1f,TRUE,FALSE
263,L1_S24_F1172,6d265e0d576cb7e3f16ebc2c831193d5,TRUE,FALSE
264,L1_S24_F1174,efd30e5e9b380197ffcb5c395392474d,TRUE,FALSE
265,L1_S24_F1176,6d66ff1958803b4532fba72b02a05d38,TRUE,FALSE
266,L1_S24_F1180,c49f90a233c93bdf81990489118b4149,TRUE,FALSE
267,L1_S24_F1184,5d31d1b6dfe397c60103c75b33b36b47,TRUE,FALSE
268,L1_S24_F1197,379480cbc2afb5b0aa911380a7b76593,TRUE,FALSE
269,L1_S24_F1202,cbc37dfbe66c54b29f632456d4836d61,TRUE,FALSE
270,L1_S24_F1207,400e5a24871398a97f8d139e09e2b0c2,TRUE,FALSE
271,L1_S24_F1212,c91540de28fb66f20ab0b51ba7e26a27,TRUE,FALSE
272,L1_S24_F1225,415d2cbde7371554093ab4ab5e72fb6c,TRUE,FALSE
273,L1_S24_F1230,3584a18c1f5d6e68de51c0375bc9631a,TRUE,FALSE
274,L1_S24_F1235,c2c86d52c264f8950980a552607017b9,TRUE,FALSE
275,L1_S24_F1240,a8ad42a2e84c1b957af88fadb620638c,TRUE,FALSE
276,L1_S24_F1245,6836531f19b67a6b4bd031b8809c2532,TRUE,FALSE
277,L1_S24_F1250,a3ac82e6095ad7dd6b17636d81848937,TRUE,FALSE
278,L1_S24_F1255,002f157b44c951ff4898a06a5ca7806b,TRUE,FALSE
279,L1_S24_F1260,9a7839c20a5f12e9e9dd772dbedca9dd,TRUE,FALSE
280,L1_S24_F1265,539631224873bb304bdf7db99610cbef,TRUE,FALSE
281,L1_S24_F1270,b109e0042fb33adfd02bf84f5da0e069,TRUE,FALSE
282,L1_S24_F1275,90b206918878cb1cb25f2d920abccdec,TRUE,FALSE
283,L1_S24_F1288,3de8f76154fe7e28334ea10455b3f680,TRUE,FALSE
284,L1_S24_F1293,9a2a4bb6f14db1a7e91adfe3dd88fc88,TRUE,FALSE
285,L1_S24_F1298,2383c388c4a300a7757277e3960db077,TRUE,FALSE
286,L1_S24_F1303,7454c96fb35e7fb6f9047c028b31adb0,TRUE,FALSE
287,L1_S24_F1316,52ad9e51ed4ce6809942cec2e76f3158,TRUE,FALSE
288,L1_S24_F1321,af43c33ebd2be01a115030112f8e1440,TRUE,FALSE
289,L1_S24_F1326,f07b7db01270f6f9b466c22d9be79863,TRUE,FALSE
290,L1_S24_F1331,70b8dfb5e2e297084191b5eb2d497a55,TRUE,FALSE
291,L1_S24_F1336,32442e97728666c7802f34239420c2f3,TRUE,FALSE
292,L1_S24_F1341,410b9fd17fa01de4be1d1dd17b5228de,TRUE,FALSE
293,L1_S24_F1346,b3db4fdb954aeb75828afeafd0896830,TRUE,FALSE
294,L1_S24_F1351,994ddc8449ae9b16cd6a49001c00109b,TRUE,FALSE
295,L1_S24_F1356,1e1c1880e2ed22a12a1ec9f7f5175a9a,TRUE,FALSE
296,L1_S24_F1361,ea891dadbe6b80596a32190617574b8a,TRUE,FALSE
297,L1_S24_F1366,fef5d14d0cb01a4c66382965e251fe6b,TRUE,FALSE
298,L1_S24_F1371,0dcd491171001900ec32d9962301d850,TRUE,FALSE
299,L1_S24_F1376,234cd4b8557f1e7ca46cdac790eaf516,TRUE,FALSE
300,L1_S24_F1381,6bdd458f958f6e68f316e6c6b381f100,TRUE,FALSE
301,L1_S24_F1386,2f7a43f9a362c128839e665c5534b6ac,TRUE,FALSE
302,L1_S24_F1391,0594131daefd7329bb7427c2ce507265,TRUE,FALSE
303,L1_S24_F1396,d88570eae7ce23cfd707ee2c3cc5aeab,TRUE,FALSE
304,L1_S24_F1401,37b49ebf7a72d970d98dcd1d04a69bfa,TRUE,FALSE
305,L1_S24_F1406,4e217ec96cdd3e1460821791f95e3f03,TRUE,FALSE
306,L1_S24_F1411,d8069222d907dc899c7bba65657df695,TRUE,FALSE
307,L1_S24_F1416,f20d1c41f80213489d57076bda104c1b,TRUE,FALSE
308,L1_S24_F1421,e7e59b848d2d563504f68fda4949401d,TRUE,FALSE
309,L1_S24_F1426,5cbb4923a4d7eed162fac94d054ebee8,TRUE,FALSE
310,L1_S24_F1431,5889a0eb60d3b075d2d3ffa9a8decbbc,TRUE,FALSE
311,L1_S24_F1436,4d971a1c4fc531764e6b2194464ab0af,TRUE,FALSE
312,L1_S24_F1441,04b996b864208a93d2fe5692aa9c91fb,TRUE,FALSE
313,L1_S24_F1446,b154e3b59eaad4b2439bce0d41fc92ca,TRUE,FALSE
314,L1_S24_F1451,a937e6f6a9ac24dd0e7a8d9502006b0e,TRUE,FALSE
315,L1_S24_F1463,3f4544039f2c24e8e090b58ffd5474f5,TRUE,FALSE
316,L1_S24_F1467,d159cae1a012967398c598cd1ed33b08,TRUE,FALSE
317,L1_S24_F1474,4d184a25971d43f62ac79a989cc01c13,TRUE,FALSE
318,L1_S24_F1478,b4bdf02219940377c437e23d191db502,TRUE,FALSE
319,L1_S24_F1482,3bc2c45a7c262bf6e6de037ae7f97e91,TRUE,FALSE
320,L1_S24_F1486,22ce2dc53fcdcc56ba467e6141af7140,TRUE,FALSE
321,L1_S24_F1490,47e7e771d88807ab6e59c2604e8135da,TRUE,FALSE
322,L1_S24_F1494,d4ce1b6e2fe85eb4f00a27291f7fcd9b,TRUE,FALSE
323,L1_S24_F1498,4447a4fee22ad6b85d0847c4dbe54110,TRUE,FALSE
324,L1_S24_F1502,ade7db82f0403a91c3bae7f831051609,TRUE,FALSE
325,L1_S24_F1506,ab04c02b8be56541bfb82ab2fcef2d25,TRUE,FALSE
326,L1_S24_F1512,129babd2f4e0cf1814ddbc4f8a5f5a52,TRUE,FALSE
327,L1_S24_F1514,92ff69497a75290b3442c90d8cdb72bb,TRUE,FALSE
328,L1_S24_F1516,974d9df8e43632850cadc93a09b2ce10,TRUE,FALSE
329,L1_S24_F1518,5ae71bc2b116bf6f3dfc3af414e09504,TRUE,FALSE
330,L1_S24_F1520,7f7e0cea70d6b42e48390b659c7e4a3c,TRUE,FALSE
331,L1_S24_F1539,e026c8d32681f15608bb791d92f1677d,TRUE,FALSE
332,L1_S24_F1544,0f9828518422ba0be52e178710029831,TRUE,FALSE
333,L1_S24_F1565,f324984fb68fec59d571c313704e55ec,TRUE,FALSE
334,L1_S24_F1567,4ccee00daf15038d7f0a5bc960bf787f,TRUE,FALSE
335,L1_S24_F1569,7efa27e3f10a67e8fbeaf0205bbc4ed3,TRUE,FALSE
336,L1_S24_F1571,5347cec0911965f78e1b4b2756bc43e5,TRUE,FALSE
337,L1_S24_F1573,12cfa94db3f0f5a05cd50e00bbe9e25d,TRUE,FALSE
338,L1_S24_F1575,073b941945fe906740d60f41b591abe7,TRUE,FALSE
339,L1_S24_F1578,f3885bdee6a93cafbf1f11134b82fe09,TRUE,FALSE
340,L1_S24_F1581,09a53bf4414334a01314df02f05ccccf,TRUE,FALSE
341,L1_S24_F1594,37224a92886d07fdd2e2ded1d40f7430,TRUE,FALSE
342,L1_S24_F1599,e410de937a002f918d99061038a9d76e,TRUE,FALSE
343,L1_S24_F1604,8ab0f650a4631513db1d6897585cf1ba,TRUE,FALSE
344,L1_S24_F1609,2fc3ce7a337d2365af31f30aa43bdbe9,TRUE,FALSE
345,L1_S24_F1622,f97d8bba8b6189c191543a3c6b7b44ad,TRUE,FALSE
346,L1_S24_F1627,7e99ceff1449196ef42bfbb1395b9e94,TRUE,FALSE
347,L1_S24_F1632,5aef299ee8cbce2552f37383c8cf6cf0,TRUE,FALSE
348,L1_S24_F1637,b37e2c8655a00f7d05cea62ab354be0b,TRUE,FALSE
349,L1_S24_F1642,c3995a265d6a1618c19dafc372e6abb5,TRUE,FALSE
350,L1_S24_F1647,9513f5c230330b66baf78d5c998b59b8,TRUE,FALSE
351,L1_S24_F1652,3a886e1e2f45b7f3031d40f5bc79cdb4,TRUE,FALSE
352,L1_S24_F1657,efa14b9cd16cd91f3434a468596cd777,TRUE,FALSE
353,L1_S24_F1662,6553ee45b8f7756eb5f5826eaeeb341d,TRUE,FALSE
354,L1_S24_F1667,3f13070c3c440b61f38a7ce29c4f732d,TRUE,FALSE
355,L1_S24_F1672,13ee555730d34391a34f4e59740923ac,TRUE,FALSE
356,L1_S24_F1685,318bb78e973f96697b71a4eacd3d0927,TRUE,FALSE
357,L1_S24_F1690,2cfe41ce8bcf59bccda852c686da908b,TRUE,FALSE
358,L1_S24_F1695,78f9a33dc909ae67c519c9a8a25dd23b,TRUE,FALSE
359,L1_S24_F1700,8d83634013be04351a9c2271b37b5411,TRUE,FALSE
360,L1_S24_F1713,68c87bceeb0533dc61fe5e39882ba87d,TRUE,FALSE
361,L1_S24_F1718,ca972bde5bc3f287153322694f1bbde9,TRUE,FALSE
362,L1_S24_F1723,2f4e748e8e06ce00ca4d7c062442eaeb,TRUE,FALSE
363,L1_S24_F1728,e01eecfda01d0a6f812cb98eb34d7bce,TRUE,FALSE
364,L1_S24_F1733,51457e75d1a3d5681a058a407a334a56,TRUE,FALSE
365,L1_S24_F1738,1648e306c8199fee78372e595c176bba,TRUE,FALSE
366,L1_S24_F1743,f552a6419911b5e22242ee8ba0b4287f,TRUE,FALSE
367,L1_S24_F1748,f507f03574db8f1f672295c96a231664,TRUE,FALSE
368,L1_S24_F1753,cec1f4342842ee12664f20dde17ef95b,TRUE,FALSE
369,L1_S24_F1758,842d18bade8c5abad420a7afe7760f14,TRUE,FALSE
370,L1_S24_F1763,a8955028c24f8026b4e41cb02dbb89d6,TRUE,FALSE
371,L1_S24_F1768,6737372dc9141fdbfc55d8c7e6f37c2d,TRUE,FALSE
372,L1_S24_F1773,e498c2ef5b1595dc6b31eace2ef99eb1,TRUE,FALSE
373,L1_S24_F1778,ab79aee3479041506cbb21121a4f4b80,TRUE,FALSE
374,L1_S24_F1783,74571a18a852c2ad791b85d5349f677f,TRUE,FALSE
375,L1_S24_F1788,96a8194f89183e4b59ca6e8b54626869,TRUE,FALSE
376,L1_S24_F1793,1a6780d562466537e3277260ab8d8c51,TRUE,FALSE
377,L1_S24_F1798,ced737fc0e63fffd384ff9b5cfe78ef2,TRUE,FALSE
378,L1_S24_F1803,9faf822b664111934dbef035e9e9df08,TRUE,FALSE
379,L1_S24_F1808,095adae4f75714c371c3a6d249883a18,TRUE,FALSE
380,L1_S24_F1810,8ac761c4fe5a7430c43d25128c86c21f,TRUE,FALSE
381,L1_S24_F1812,2929600548c27e5d84a316249a9fb4e9,TRUE,FALSE
382,L1_S24_F1814,0edb1ce9b1761c61dfe1850d349a599b,TRUE,FALSE
383,L1_S24_F1816,32be0d2db3b97d6e34adfbc3d5b8dfbc,TRUE,FALSE
384,L1_S24_F1818,5c5c23848f174ca730aee986f5bc833f,TRUE,FALSE
385,L1_S24_F1820,88df67a42eaab99e2c5c0d939171bcd1,TRUE,FALSE
386,L1_S24_F1822,899a2a76a29f9ce75d9c593f8410a167,TRUE,FALSE
387,L1_S24_F1824,d2b9772a396c6277f49c47a5e24f109b,TRUE,FALSE
388,L1_S24_F1829,8abf9c05e070b06ba0303c61ad245f36,TRUE,FALSE
389,L1_S24_F1831,7048720259ef3ffc49b456035ff30226,TRUE,FALSE
390,L1_S24_F1834,6b7e66751294cdab22ff93e21175b73b,TRUE,FALSE
391,L1_S24_F1836,d3ec84042b1bb4361e764e656aaed605,TRUE,FALSE
392,L1_S24_F1838,5431c2d6dae434bcdea68d47cb5128f4,TRUE,FALSE
393,L1_S24_F1840,562650662be36f9584420988968731d0,TRUE,FALSE
394,L1_S24_F1842,fd2c602e28ca0426fe2ceb539b41bfed,TRUE,FALSE
395,L1_S24_F1844,ee31a1ca07caece7d17cd1da8cb9d800,TRUE,FALSE
396,L1_S24_F1846,1d241e9c5d4fe00c81637c3b2d16c4fd,TRUE,FALSE
397,L1_S24_F1848,3e067fbe0f37cf4517a859b97baa6eaa,TRUE,FALSE
398,L1_S24_F1850,c1cbff7d0bfdcfeef3020d0446ba4b79,TRUE,FALSE
399,L1_S25_F1855,ec0507d1e6c3ab428dd746c90e2aa5f4,TRUE,FALSE
400,L1_S25_F1858,1c3386dadd142f170439232bbbaac8d9,TRUE,FALSE
401,L1_S25_F1865,525dba3bb019b6d46d00ed47f8b19579,TRUE,FALSE
402,L1_S25_F1869,d98abb5ef2948a39c16cbe3b77975c5b,TRUE,FALSE
403,L1_S25_F1873,2fb7e4600a09d04d78fc1d1ea8987ca8,TRUE,FALSE
404,L1_S25_F1877,3a3568a7ee0ab41dcb1cb5d317755164,TRUE,FALSE
405,L1_S25_F1881,d23c07f83b2515a18c768c4ac42aca76,TRUE,FALSE
406,L1_S25_F1885,67b7e41b14e842e55d38dd752527decb,TRUE,FALSE
407,L1_S25_F1890,eba48de357d04273708672f8a2ce319d,TRUE,FALSE
408,L1_S25_F1892,864bb20dad49320c8b33e84af88b9cd8,TRUE,FALSE
409,L1_S25_F1894,9ba4eccda4698d7899a353be41ebcfa2,TRUE,FALSE
410,L1_S25_F1896,cedcd9bdc6fa92dd24b724b66541230d,TRUE,FALSE
411,L1_S25_F1900,26ec975aba9bd9acd0c6d11fea54c51c,TRUE,FALSE
412,L1_S25_F1909,a427389b45dbb03ca9a1936c200281e7,TRUE,FALSE
413,L1_S25_F1914,7dc5d78d6a484e4c8c06772f2f08f777,TRUE,FALSE
414,L1_S25_F1919,dcde516ff7d5671a3d3d34b1e1d96d5c,TRUE,FALSE
415,L1_S25_F1924,648303ef437c71ce1c29ea14784b620b,TRUE,FALSE
416,L1_S25_F1929,35ca4abdb3f34030b368034ca7e84dbb,TRUE,FALSE
417,L1_S25_F1938,c3e9b9ebcfe8ed51dba334700f812be9,TRUE,FALSE
418,L1_S25_F1943,9c44ab1ba38fe2e76f4bf4c3b8c32039,TRUE,FALSE
419,L1_S25_F1948,e62ca9a0bf2024cf6f3d678bddf31d2f,TRUE,FALSE
420,L1_S25_F1953,41dc395777807da2ad7eb28dc19d0f13,TRUE,FALSE
421,L1_S25_F1958,9f6ee25989f877b69060c66f62878bf5,TRUE,FALSE
422,L1_S25_F1963,8db36db32e3a9f01ef68900a0d02552b,TRUE,FALSE
423,L1_S25_F1968,108424a82b1a4095fe80c496fb693c8d,TRUE,FALSE
424,L1_S25_F1973,2e911643dc60c574ffb861c6b56d9a94,TRUE,FALSE
425,L1_S25_F1978,8b8c59cdf2c106800c7dc3fb2aac0971,TRUE,FALSE
426,L1_S25_F1987,972d53c92c82b233f6ef6dc75aac8a3a,TRUE,FALSE
427,L1_S25_F1992,09943571078cb22af0678f1105438662,TRUE,FALSE
428,L1_S25_F1997,78d6389de8d64fe8c26542c4ab059991,TRUE,FALSE
429,L1_S25_F2002,651857fdc872bfdf8102a0a3c11ea0c1,TRUE,FALSE
430,L1_S25_F2007,263508845fd0ec28c47022a1c9470fea,TRUE,FALSE
431,L1_S25_F2016,7469ef305e0897533c0287192bfe3796,TRUE,FALSE
432,L1_S25_F2021,ed26db49532e4de32aadb42bbbea31a5,TRUE,FALSE
433,L1_S25_F2026,08b852c17a278edaa15dec7991c8cfa9,TRUE,FALSE
434,L1_S25_F2031,5c83532b6824e3304491681306547a49,TRUE,FALSE
435,L1_S25_F2036,e284d04706c8064d54d80d715c90a2b2,TRUE,FALSE
436,L1_S25_F2041,2c6726048b05a9909b93619b4a17d8a3,TRUE,FALSE
437,L1_S25_F2046,912743aeb2d3cb1c7e5c1dc6aa99286d,TRUE,FALSE
438,L1_S25_F2051,59f2828e5298309390eac58c5a033f82,TRUE,FALSE
439,L1_S25_F2056,68a6827ba93a62dc14054e4ede72edbf,TRUE,FALSE
440,L1_S25_F2061,815e5d5f20c31c01562823fb4ab84138,TRUE,FALSE
441,L1_S25_F2066,a0325acc588170a77b8bc01d9f87ce2c,TRUE,FALSE
442,L1_S25_F2071,d5ba5be9e588055478f28cc7103405bd,TRUE,FALSE
443,L1_S25_F2076,fd885207bbfd3be6dd44fc79cfe635cc,TRUE,FALSE
444,L1_S25_F2081,34cd89c539455c20f11882eb9c5524c9,TRUE,FALSE
445,L1_S25_F2086,f856e6ce28983b3e279d7badc9ff7f13,TRUE,FALSE
446,L1_S25_F2091,34b8f64039c3d575eada0370d21d4410,TRUE,FALSE
447,L1_S25_F2096,a99dd9c150ef3b33cd260ed2d0cd6007,TRUE,FALSE
448,L1_S25_F2101,fcdddddc33e70d9d4f157872b7037a78,TRUE,FALSE
449,L1_S25_F2106,3f7fb4c8c2efcf9dcbce082664640795,TRUE,FALSE
450,L1_S25_F2111,f0bd23c238ed0c5fb955454a04230b64,TRUE,FALSE
451,L1_S25_F2116,1c3027cba8856247ecf193212927189c,TRUE,FALSE
452,L1_S25_F2121,e772b85c046ec90a8bdc070ce9ab13d9,TRUE,FALSE
453,L1_S25_F2126,46909d8817c05c1395d32e6f1861a0c1,TRUE,FALSE
454,L1_S25_F2131,6bb582e6344f90b8914a1d938648599a,TRUE,FALSE
455,L1_S25_F2136,d906c17a7ce1688b222026279290d5d8,TRUE,FALSE
456,L1_S25_F2144,14161f3e454410937c087ade45f4a764,TRUE,FALSE
457,L1_S25_F2147,3381ba38f219987d8a91499a76353731,TRUE,FALSE
458,L1_S25_F2152,50ce48617c9c714196605470f08abfa8,TRUE,FALSE
459,L1_S25_F2155,2ae06563f36dbb96ba854cfa7a1caad5,TRUE,FALSE
460,L1_S25_F2158,ee76f711de6686a623b5eec4ff77682b,TRUE,FALSE
461,L1_S25_F2161,79ceb522113e54504645e1dbf3c4c0b9,TRUE,FALSE
462,L1_S25_F2164,a3ce01db581fed3b9058ad4d5a271148,TRUE,FALSE
463,L1_S25_F2167,b0e75e8311b57aead7dddb720966abe8,TRUE,FALSE
464,L1_S25_F2170,52c25421a43a9e0e16b82c866f36ed38,TRUE,FALSE
465,L1_S25_F2173,36182e1ef63bbf4dc698126ad8b61f19,TRUE,FALSE
466,L1_S25_F2176,3aa402b83e7d99f2a1e50969b6bee1ef,TRUE,FALSE
467,L1_S25_F2181,3c8b9483be40d3b35a6b37b33f1b9677,TRUE,FALSE
468,L1_S25_F2184,f3ca7958a4a9a048d906aaf4f6359b30,TRUE,FALSE
469,L1_S25_F2187,b6933ad2b5b9f998df5d025b21b18421,TRUE,TRUE
470,L1_S25_F2190,b6933ad2b5b9f998df5d025b21b18421,FALSE,TRUE
471,L1_S25_F2193,feecd3acc88018ab950f9628054d9c84,TRUE,FALSE
472,L1_S25_F2196,6ca37db03bade38526926aa5a52d8b76,TRUE,FALSE
473,L1_S25_F2199,29395337fa58c2949ef76d3e709a4253,TRUE,FALSE
474,L1_S25_F2202,6cc9ef19964cd6e7f27861a4e43ed207,TRUE,FALSE
475,L1_S25_F2207,bb5fc4f8fa409741579bc0b153fcfc3c,TRUE,FALSE
476,L1_S25_F2210,923e5de980e3459d21371658cfc7b8b1,TRUE,FALSE
477,L1_S25_F2217,bbfa6b372bbf2fb43c52f97acabf115c,TRUE,FALSE
478,L1_S25_F2220,4c49ac9e17160299bcda3d40f072e52f,TRUE,FALSE
479,L1_S25_F2223,2c1a63a2de2a1dd9d26d2d5699be7318,TRUE,FALSE
480,L1_S25_F2226,08755ff1e78d1b72501c1b4cfc8bae7b,TRUE,FALSE
481,L1_S25_F2231,29cc3474670d7dc3bf4c2ce8a46314a8,TRUE,FALSE
482,L1_S25_F2233,3d9fd37a39c3e4e52bc5669ba9fafc4b,TRUE,FALSE
483,L1_S25_F2237,7883d3043836cd8e87ebc3ec8a511ef4,TRUE,FALSE
484,L1_S25_F2239,432c95e3c0c2a27ae0479ce29dd5b8a5,TRUE,FALSE
485,L1_S25_F2241,fad00453f5b820f97e62b95e7c897299,TRUE,FALSE
486,L1_S25_F2243,c2c93eec676b11ff05f5b82b41be1cfc,TRUE,FALSE
487,L1_S25_F2245,6a8c362a94411fe73b356c19c05c8925,TRUE,FALSE
488,L1_S25_F2247,7f8abb8b1afa2d244e525b0e26f0cf90,TRUE,FALSE
489,L1_S25_F2249,0464388980fd957e1cfce1caf28c1bde,TRUE,FALSE
490,L1_S25_F2258,8bfd09c37f2965c214086f01fa442615,TRUE,FALSE
491,L1_S25_F2263,310ec38ddee7475e3eb3ac5c858e9ec6,TRUE,FALSE
492,L1_S25_F2268,0898bfa059d1412aaf1d251fbe861837,TRUE,FALSE
493,L1_S25_F2273,e055aa74b1081f947becab6c4adefb58,TRUE,FALSE
494,L1_S25_F2278,9f0bcf630725bd189c9af6aa420fad11,TRUE,FALSE
495,L1_S25_F2287,0fc441bdd2cbaf80aaf6ab77df54d692,TRUE,FALSE
496,L1_S25_F2292,e356b9ef42db6e5efc7262a35419b406,TRUE,FALSE
497,L1_S25_F2297,adeaf974d34a9649c89ac19185b67782,TRUE,FALSE
498,L1_S25_F2302,b198f3c561fc210816576b8f09dfe180,TRUE,FALSE
499,L1_S25_F2307,ca4931164da54dcb47227ee78c28b587,TRUE,FALSE
500,L1_S25_F2312,88e2279c17f2e7d9445e2396d25106cf,TRUE,FALSE
501,L1_S25_F2317,a83d50747cee692f7edec19bb8109928,TRUE,FALSE
502,L1_S25_F2322,665e02cf7c9c2188b4f23dbb71402087,TRUE,FALSE
503,L1_S25_F2327,807cd9e2431222bd46b2c72d473116e6,TRUE,FALSE
504,L1_S25_F2336,736a7b1125adedd9e4e573f78e5f4fe8,TRUE,FALSE
505,L1_S25_F2341,f0ff54f62b7c78b73719348724411b34,TRUE,FALSE
506,L1_S25_F2346,c75c316e2e057d1560ae13cf12f54cb6,TRUE,FALSE
507,L1_S25_F2351,b9fa7635484d06a663e726e3f6c5ed34,TRUE,FALSE
508,L1_S25_F2356,239d9e64ffc5d4c1e9edec6041ac6fc8,TRUE,FALSE
509,L1_S25_F2365,8ed586aae63d8a1e2ac66bfbbb9bc492,TRUE,FALSE
510,L1_S25_F2370,37d88f8f17b0dfdbdfe969a19d006355,TRUE,FALSE
511,L1_S25_F2375,b97d61cacf2153bfbd59fd0d8b6baa80,TRUE,FALSE
512,L1_S25_F2380,2b8e828673f9b57116bd9c6fae502c2e,TRUE,FALSE
513,L1_S25_F2385,b58f0ce072e472e61fb39002a2e0ea57,TRUE,FALSE
514,L1_S25_F2390,091b532f11f4aa1becb2c3ca05387546,TRUE,FALSE
515,L1_S25_F2395,bd4b0dc18aa21b2a22c7cd2ba20b0b2e,TRUE,FALSE
516,L1_S25_F2400,66055858bb882fcee0120b59deb12760,TRUE,FALSE
517,L1_S25_F2405,455cd75a8edccfa4561ece9ca7d31fd0,TRUE,FALSE
518,L1_S25_F2408,7f849cee0522991e3f2e261e7eb51241,TRUE,FALSE
519,L1_S25_F2411,d848623d0d12d8acf03699b246caab3f,TRUE,FALSE
520,L1_S25_F2414,ca9cd027b37af0de5b3d2c4df8a019c2,TRUE,FALSE
521,L1_S25_F2417,56730bde7c8f54fe7ba0ed2b86fde74f,TRUE,FALSE
522,L1_S25_F2420,8fe42ff4cde613a1a18cb628ca988682,TRUE,FALSE
523,L1_S25_F2423,676e7efcf7b4c5b4bc906969822e67ba,TRUE,FALSE
524,L1_S25_F2426,974fd510b149e14dbaced70e32ee862a,TRUE,FALSE
525,L1_S25_F2429,b10234287b43c48c1b71f6a85817eb5f,TRUE,FALSE
526,L1_S25_F2431,69e77f8a2bd0113711d61010b7327ba1,TRUE,FALSE
527,L1_S25_F2433,44bd31d1d8c1d9e61a3d343613ed6f6d,TRUE,FALSE
528,L1_S25_F2435,807879d36382ef15ded3b1e7c9440fb1,TRUE,FALSE
529,L1_S25_F2437,3385e10ca8090afd032b4800f97a7a15,TRUE,FALSE
530,L1_S25_F2439,57678f6dd0f7a478c9c85ef2a8cf2525,TRUE,FALSE
531,L1_S25_F2441,d88091098c394219043a306287828d94,TRUE,FALSE
532,L1_S25_F2443,f1b5aa0afcd7a1433f10a2b5fc82cca6,TRUE,FALSE
533,L1_S25_F2449,e8c874e4efe23925921b45a815da80d4,TRUE,FALSE
534,L1_S25_F2451,a299c6837404d6d1b271f69638d27fd6,TRUE,FALSE
535,L1_S25_F2454,34c6d9536d74d65a0119b6b6dfdf742a,TRUE,FALSE
536,L1_S25_F2456,0f68618040521b802d3f15c9f871d09e,TRUE,FALSE
537,L1_S25_F2458,2f9a2e05c69f8a7c5aaf0a78190ffdb7,TRUE,FALSE
538,L1_S25_F2460,2fc4c9047b94e3d71076813a2e631bb4,TRUE,FALSE
539,L1_S25_F2462,b025333b430627607ba181465eeeb551,TRUE,FALSE
540,L1_S25_F2464,08a6ff2dc26a12254da9de3e31ab9a34,TRUE,FALSE
541,L1_S25_F2466,69f658d93f2381bacc5a900d49dc9491,TRUE,FALSE
542,L1_S25_F2468,25510ec829be7fb80be8695158324556,TRUE,FALSE
543,L1_S25_F2472,165395b00f1359a08ba2542afcd61a37,TRUE,FALSE
544,L1_S25_F2475,dd205a823fd3288bd45432e0b69e34d4,TRUE,FALSE
545,L1_S25_F2478,3aa2af3f9bb51b7efead12c4cb4dbf67,TRUE,TRUE
546,L1_S25_F2481,3aa2af3f9bb51b7efead12c4cb4dbf67,FALSE,TRUE
547,L1_S25_F2484,ae7334455e9ef4813442409aab184eca,TRUE,FALSE
548,L1_S25_F2487,1bd73403b20ea8ea99b6c8f13893d508,TRUE,FALSE
549,L1_S25_F2490,0927e4938fb6ebf05e36e267becf649d,TRUE,FALSE
550,L1_S25_F2493,ab1cd1e3602cefdca81e7e7a44f832eb,TRUE,FALSE
551,L1_S25_F2498,1dbdc72f37cc146742fc396ae6902d1a,TRUE,FALSE
552,L1_S25_F2500,60faf306ec3fd331ecadeed4ca6e47f8,TRUE,FALSE
553,L1_S25_F2504,baa786c530e2a318c8c3032b962fb477,TRUE,FALSE
554,L1_S25_F2506,0e5f1eab1e931cb77811aa658a6b3a5d,TRUE,FALSE
555,L1_S25_F2508,98876a533cbb12186c343bf146fad002,TRUE,FALSE
556,L1_S25_F2510,62ea94cf41301ec2b1e3d9e410ee9474,TRUE,FALSE
557,L1_S25_F2512,41acd929047d47fe5094b44a30068824,TRUE,FALSE
558,L1_S25_F2514,6892440550f9911a1e0572036c2ae6f0,TRUE,FALSE
559,L1_S25_F2516,6f8319f409c6b21814f552b8d9b00506,TRUE,FALSE
560,L1_S25_F2525,239c03f28fc5bae7dfb3ca09d5e34e25,TRUE,FALSE
561,L1_S25_F2530,5b407b7be4d322a7e4a233e532923d81,TRUE,FALSE
562,L1_S25_F2535,240b9138cdddfb60af27faa85e283252,TRUE,FALSE
563,L1_S25_F2540,da1909b863b6f07e5322d42c880bd91d,TRUE,FALSE
564,L1_S25_F2545,66202c6c5255e997835d9456842e825a,TRUE,FALSE
565,L1_S25_F2554,1c90c6f0d8262243d9fb324b5f563147,TRUE,FALSE
566,L1_S25_F2559,63f097dba419cf9adb5d12f26136596e,TRUE,FALSE
567,L1_S25_F2564,987ab6e0c7535904a076aad83b33acea,TRUE,FALSE
568,L1_S25_F2569,6343989e8fff076126aec2a6db902e75,TRUE,FALSE
569,L1_S25_F2574,c9a0dff4f6038b17bb89cfe6ff8335c5,TRUE,FALSE
570,L1_S25_F2579,206c8b11704413113b91183f5e756858,TRUE,FALSE
571,L1_S25_F2584,cd3d8d4c2a8cb8dbbd2b065365f500be,TRUE,FALSE
572,L1_S25_F2589,aee13c9e0dd54fdda8d40b80caef2a07,TRUE,FALSE
573,L1_S25_F2594,68c75563563bd9b5820a9c98b768e00d,TRUE,FALSE
574,L1_S25_F2603,bd73a97cc41eb97c3a58fe52d1eafed6,TRUE,FALSE
575,L1_S25_F2608,d3cff5f0cbca919294906c2693d49c71,TRUE,FALSE
576,L1_S25_F2613,8201e8873531565974754cdc1bc27747,TRUE,FALSE
577,L1_S25_F2618,c17c19fce594427427f4e054cea0332b,TRUE,FALSE
578,L1_S25_F2623,5e967acefaf9271fb8a5522f681245fd,TRUE,FALSE
579,L1_S25_F2632,79657a58c2c8e4b59e790b4e97272cef,TRUE,FALSE
580,L1_S25_F2637,f96a068932d109de43c96e49a606614c,TRUE,FALSE
581,L1_S25_F2642,74771505415d81d7802d97638f2e0220,TRUE,FALSE
582,L1_S25_F2647,1c91b7994f85a3995d775e578c16444b,TRUE,FALSE
583,L1_S25_F2652,e5c60d9c453e0f9c067e7a486ac2208a,TRUE,FALSE
584,L1_S25_F2657,0c86ac2b4d240a9fc69481bcfd18ac28,TRUE,FALSE
585,L1_S25_F2662,1178a5506c7ce6f15b59053b0fa04519,TRUE,FALSE
586,L1_S25_F2667,14a464f5f47edea4febfb83617c634da,TRUE,FALSE
587,L1_S25_F2672,c6821c53e88295c91491f730d7c01bfc,TRUE,FALSE
588,L1_S25_F2677,3df019f335aee9fdc3f21c1d7688937b,TRUE,FALSE
589,L1_S25_F2682,dcea200778650bab02c947fd4074122b,TRUE,FALSE
590,L1_S25_F2687,8da2131a439048855210c854c8a9b3af,TRUE,FALSE
591,L1_S25_F2692,bf5d166d9901fa9dcd6b30930d5ef05a,TRUE,FALSE
592,L1_S25_F2697,981e8ff5169dc34b781abc7660b0490d,TRUE,FALSE
593,L1_S25_F2702,7e3eda6003c5742df03f35a796b64ca5,TRUE,FALSE
594,L1_S25_F2707,f73b8759f74cd043d057df6bcdbe05bd,TRUE,FALSE
595,L1_S25_F2712,573eeaacd7a76658089ac065c8611005,TRUE,FALSE
596,L1_S25_F2714,6b5f41f1581a5ade5d5962a307e003ae,TRUE,FALSE
597,L1_S25_F2716,2b96019418fdb7ae222d5ae80c80cd00,TRUE,FALSE
598,L1_S25_F2718,9031de2c57b2902dcb9685269959ba67,TRUE,FALSE
599,L1_S25_F2720,8a933cdc42fa9cbb48ff5a8b526e0b93,TRUE,FALSE
600,L1_S25_F2722,4b17d1e6d19cfc9e8f64a85d5e7256dd,TRUE,FALSE
601,L1_S25_F2724,9ea83a1c61b1d9fe695ec72d179fa79d,TRUE,FALSE
602,L1_S25_F2726,e49b49a2c1b593be61e2850855de89b1,TRUE,FALSE
603,L1_S25_F2732,d2999dff7dedadad574c8bfae8b0bf9a,TRUE,FALSE
604,L1_S25_F2734,1f6779043d5e13082976b57d13239018,TRUE,FALSE
605,L1_S25_F2737,2fd73095ad28d6db15653f281655abc7,TRUE,FALSE
606,L1_S25_F2739,e49f570fd380c92e08b6346acff22052,TRUE,FALSE
607,L1_S25_F2741,2fdbd9561c05057f044aa7e78ad564d5,TRUE,FALSE
608,L1_S25_F2743,67728629d2511a427596c662d6c3393b,TRUE,FALSE
609,L1_S25_F2745,1af196908cb1427cd8fd894004bf9100,TRUE,FALSE
610,L1_S25_F2747,4d266c25e4a90468b90c90bcd9db9896,TRUE,FALSE
611,L1_S25_F2749,eb7f24b610a629f033bf4a5f256b765c,TRUE,FALSE
612,L1_S25_F2751,797526da084cd44f82adb635b5676048,TRUE,FALSE
613,L1_S25_F2755,79a89453b2b0d34088185eeb96690b18,TRUE,FALSE
614,L1_S25_F2758,98153f9042bcdffa80418983fcb1721f,TRUE,FALSE
615,L1_S25_F2761,a492d220af3a5cb2a23b0275c9d1e07f,TRUE,TRUE
616,L1_S25_F2764,a492d220af3a5cb2a23b0275c9d1e07f,FALSE,TRUE
617,L1_S25_F2767,59f7f1e3ab3e67c825d1a0dc2c67f70b,TRUE,FALSE
618,L1_S25_F2770,20edb3495bb24dd03c62509a375e827d,TRUE,FALSE
619,L1_S25_F2773,0f66f54c715bf1a9af8e326960ec1953,TRUE,FALSE
620,L1_S25_F2776,8871651725c98cc3843550f94e3b9580,TRUE,FALSE
621,L1_S25_F2781,39c1f78d5d55135e14403a3d958f1db9,TRUE,FALSE
622,L1_S25_F2783,e3ca3d31d65d59cb326ddba3b8b013fb,TRUE,FALSE
623,L1_S25_F2787,9d3f2976027575625ac588da68a3ecb0,TRUE,FALSE
624,L1_S25_F2789,ca78d4daa722357cb62d94f29063548a,TRUE,FALSE
625,L1_S25_F2791,ace7b81292fa8e6bd3e378f1f3f3a037,TRUE,FALSE
626,L1_S25_F2793,43c962a8382a4eb847d01ec845f5622e,TRUE,FALSE
627,L1_S25_F2795,10a5c713e341b537adb6a72b64d72819,TRUE,FALSE
628,L1_S25_F2797,5394d9441bc5b66ea6ea41a0b3a4b8e9,TRUE,FALSE
629,L1_S25_F2799,6e91742d337a6f7cf1fc3e09797a21f9,TRUE,FALSE
630,L1_S25_F2808,1987fc75ac355b45719ef2d729e903d5,TRUE,FALSE
631,L1_S25_F2813,04b23c26514fd1576ae337dd325ff1fc,TRUE,FALSE
632,L1_S25_F2818,e5f838d9f0b2dfc25e3d5a701015cc21,TRUE,FALSE
633,L1_S25_F2823,296d7cc13c69ec519f9bf3e3b7e7d89b,TRUE,FALSE
634,L1_S25_F2828,a393d1bf9782d13da86f2ad1c1b518d8,TRUE,FALSE
635,L1_S25_F2837,862ed39776b38cdd5903ddaf5e73d1ee,TRUE,FALSE
636,L1_S25_F2842,e35b6b05cff7171e3843948818e82247,TRUE,FALSE
637,L1_S25_F2847,37a7f17bdaa4b86e5b8249200ae63081,TRUE,FALSE
638,L1_S25_F2852,f2f376014d48bc0f61c18f31fcdf249e,TRUE,FALSE
639,L1_S25_F2857,3523fba3a0a1ae418d485902f7565f54,TRUE,FALSE
640,L1_S25_F2862,659ec399fa2c6d94ee133d60072c5e32,TRUE,FALSE
641,L1_S25_F2867,9dfb6c9143a2c9a71aa316dbd6b5b00c,TRUE,FALSE
642,L1_S25_F2872,f2ecbf5d073ef3a0827459020eaa2f65,TRUE,FALSE
643,L1_S25_F2877,6819b3736c2ad52a27f2e97aa42f5bad,TRUE,FALSE
644,L1_S25_F2886,5524185f7247b598d89ee06b8df4a9a6,TRUE,FALSE
645,L1_S25_F2891,98f5e3237adc0ad315fb27c4f880e424,TRUE,FALSE
646,L1_S25_F2896,711e0a74c6617e6ead8851c0e71cff6d,TRUE,FALSE
647,L1_S25_F2901,035de392f971b77285ce2aeffd874e76,TRUE,FALSE
648,L1_S25_F2906,793bd4239922bcf977cfeaec17ba7de3,TRUE,FALSE
649,L1_S25_F2915,654dce5685f1a286fdf8725bdb8824de,TRUE,FALSE
650,L1_S25_F2920,9c30f3bce3732b01c30a868a5516f3ab,TRUE,FALSE
651,L1_S25_F2925,d09b90b2722cea08369b48ea30149518,TRUE,FALSE
652,L1_S25_F2930,c57d23558f2b3d2d3cdf16b67eac9ac1,TRUE,FALSE
653,L1_S25_F2935,1593ff5691933b8649bf5b21030e8548,TRUE,FALSE
654,L1_S25_F2940,79c65e4cc3f0759894e12127e5a90ef7,TRUE,FALSE
655,L1_S25_F2945,8cecddb9a94956a9fc9c713ce950c9a0,TRUE,FALSE
656,L1_S25_F2950,9c81cad685170e20da65a7cd5ad37e8f,TRUE,FALSE
657,L1_S25_F2955,7d33ab8b96da501078e4c81c96d1340d,TRUE,FALSE
658,L1_S25_F2960,06a70db27df52cf443cba458f2da24af,TRUE,FALSE
659,L1_S25_F2965,c425425375347fdf1f6ab8237a6ead39,TRUE,FALSE
660,L1_S25_F2970,d2c44fdd156fa5527c6606a9998813dc,TRUE,FALSE
661,L1_S25_F2975,91f84ef016f18128e7f72a4af102c402,TRUE,FALSE
662,L1_S25_F2980,68aaf2952d0e20715973d331d2ff5987,TRUE,FALSE
663,L1_S25_F2985,2086a91d89309c5e04b63a1380349463,TRUE,FALSE
664,L1_S25_F2990,76eaf37fa4548f702628481e307da8a6,TRUE,FALSE
665,L1_S25_F2995,37630878e2aeb2ba2c5b7eaeb428ea8f,TRUE,FALSE
666,L1_S25_F2997,d754cd4cfbbdbdc72b4a1b268c718746,TRUE,FALSE
667,L1_S25_F2999,8a3f19493e3f6a88f59e2f59410ad4ae,TRUE,FALSE
668,L1_S25_F3001,770c2ecebb0d14479cd85a405a9c97a5,TRUE,FALSE
669,L1_S25_F3003,db408d2735d6ab1376dc7e3eaed211dd,TRUE,FALSE
670,L1_S25_F3005,bd32d91e884e0c13a192b385f174aaea,TRUE,FALSE
671,L1_S25_F3007,c9991e16f4c1e156e9f8d38ded8fec91,TRUE,FALSE
672,L1_S25_F3009,f9a51a974244f4241c0d0bd8167758e8,TRUE,FALSE
673,L1_S25_F3015,87f3420cae371a29ea019e18e227694a,TRUE,FALSE
674,L1_S25_F3017,73f22a66b1291b6855e5c7776100dd86,TRUE,FALSE
675,L1_S25_F3020,9beb241473a6e8dff31e41e14b7ca739,TRUE,FALSE
676,L1_S25_F3022,bf01754ad7ce5cfb838e4a003f160f28,TRUE,FALSE
677,L1_S25_F3024,bfbc0bbd0279f2a154b45745dbeecff4,TRUE,FALSE
678,L1_S25_F3026,c3cd6bb3484c2f1c29201c807cb2b962,TRUE,FALSE
679,L1_S25_F3028,a01f14ecef60a6f28e04302363617225,TRUE,FALSE
680,L1_S25_F3030,d011eb45bb8e1fc3bd4d6d253cb8c356,TRUE,FALSE
681,L1_S25_F3032,0ee3bc6631c1e856308ddd5d144bf1b8,TRUE,FALSE
682,L1_S25_F3034,72eadbec7b89b1ddafc7dc9c1fb5be9a,TRUE,FALSE
683,L2_S26_F3036,88f4758ada99ed7ca52d99b7ab44130d,TRUE,FALSE
684,L2_S26_F3040,2fa892bac58e9782e941b85715f576c5,TRUE,FALSE
685,L2_S26_F3047,54c46181452081f598e5bb823290c2ef,TRUE,FALSE
686,L2_S26_F3051,ada00a1f764bde633e7a5be04909957c,TRUE,FALSE
687,L2_S26_F3055,1deee3d8582c7b15885f5324d67d0be6,TRUE,FALSE
688,L2_S26_F3062,c889ba0a6c20fa2836ea87158a052faf,TRUE,FALSE
689,L2_S26_F3069,73cf94ed6c317e70a53d71d6b765d5e5,TRUE,FALSE
690,L2_S26_F3073,9233b6b6d5a582daa722bcc90dc944c3,TRUE,FALSE
691,L2_S26_F3077,a7eff0346978c3ed475debf130cbfd81,TRUE,FALSE
692,L2_S26_F3106,1e9a6bad4cb599cd4b253a7428d61eba,TRUE,FALSE
693,L2_S26_F3113,4c3a0d4da08734aba0bdee3baf49d78a,TRUE,FALSE
694,L2_S26_F3117,442b0d05390e4027f041746db3a235b7,TRUE,FALSE
695,L2_S26_F3121,05acc9c023ac31574d15c15f919967a2,TRUE,FALSE
696,L2_S26_F3125,c7552a014a60f04989418b424231bc5e,TRUE,FALSE
697,L2_S27_F3129,e84290f846212f9a8cb603c8abd36d18,TRUE,FALSE
698,L2_S27_F3133,96ce5b2fa257feb1d3d50ebcab349127,TRUE,FALSE
699,L2_S27_F3140,e18848af5a8edca6708a75f9e96b0925,TRUE,FALSE
700,L2_S27_F3144,c8558abc49b65ee56eba6336e230265d,TRUE,FALSE
701,L2_S27_F3148,156f0c4dd8bae3a511d75a1e2541925c,TRUE,FALSE
702,L2_S27_F3155,8cdb932f223f4154478bfd7a1ca8a6c6,TRUE,FALSE
703,L2_S27_F3162,51fe8268b9e745fb53ea60037ebfc13d,TRUE,FALSE
704,L2_S27_F3166,de612c2c9e9a503b24421e2e8e20809a,TRUE,FALSE
705,L2_S27_F3170,2c9ffc738305500d84a97ff11355190a,TRUE,FALSE
706,L2_S27_F3199,d431c1e4ad04d13452d9ca19d2419343,TRUE,FALSE
707,L2_S27_F3206,972fb0fdfbd34784f1dcace04ad7d4a1,TRUE,FALSE
708,L2_S27_F3210,78ac342217c9b8e6a0c5a1ab6ef64e7f,TRUE,FALSE
709,L2_S27_F3214,a2dc8db5be6a685a6a06d9a4c14bfa07,TRUE,FALSE
710,L2_S27_F3218,d1b9187ab2fdc8d58ce7231edbdd3d3b,TRUE,FALSE
711,L2_S28_F3222,b02b7dc3b7b2370c32dd2e87aa77d39f,TRUE,FALSE
712,L2_S28_F3226,8e3cac8ddc89a142c4439c67eab765f5,TRUE,FALSE
713,L2_S28_F3233,0012db4e1884c1aed8b9c5cdee661cb3,TRUE,FALSE
714,L2_S28_F3237,53601fe563184100a7d41ae6c23fdb43,TRUE,FALSE
715,L2_S28_F3241,3903cce120a04ff35ea4030d390e390d,TRUE,FALSE
716,L2_S28_F3248,6abc338427b931a9cd15454a20b6bf55,TRUE,FALSE
717,L2_S28_F3255,6a6e85315ebee4688c74110f193c7dcb,TRUE,FALSE
718,L2_S28_F3259,f2d9a348f24ee7f63d6d0a89c511140e,TRUE,FALSE
719,L2_S28_F3263,89319cc3fd2e53801479eaa3baf1e1b2,TRUE,FALSE
720,L2_S28_F3292,a91dd549408c931a9c4cf6f0f3454c5f,TRUE,FALSE
721,L2_S28_F3299,a2d256ab14c0a30d31876cefd0f02bf8,TRUE,FALSE
722,L2_S28_F3303,36fbe3e742a14e93eb0744745118b6ff,TRUE,FALSE
723,L2_S28_F3307,7670ba3100c53b9bb464b3bd11f487ba,TRUE,FALSE
724,L2_S28_F3311,3e1ab9685ca36d0e65426e8060f115dd,TRUE,FALSE
725,L3_S29_F3315,82c0d5df90ed7d040cd9aa30c28c094c,TRUE,TRUE
726,L3_S29_F3318,33b6cb5d665c6ba7046cb6bb0300044e,TRUE,TRUE
727,L3_S29_F3321,401fd2942055ecf586c21fa9dcf1b557,TRUE,TRUE
728,L3_S29_F3324,87a5ed52bebebd1f2c40a1c0fca1c428,TRUE,TRUE
729,L3_S29_F3327,0fcb118910483bb1c4600a2f87d6ac43,TRUE,TRUE
730,L3_S29_F3330,b12b3857c434a78d6282adf518511847,TRUE,TRUE
731,L3_S29_F3333,fe150c5c1f3f2a7bf1246358ad118e0d,TRUE,TRUE
732,L3_S29_F3336,c958ce8f08215d2c636ba8381651bc35,TRUE,TRUE
733,L3_S29_F3339,e6dfd520d6ec7fb4828889cf10b14f8c,TRUE,TRUE
734,L3_S29_F3342,edd6dba7ba0fb081fa57c121986ecd08,TRUE,TRUE
735,L3_S29_F3345,8077b30e48b9be7a6ae95ebd6ec3cce6,TRUE,TRUE
736,L3_S29_F3348,25829ae4386948c33a81ad54a42492cc,TRUE,TRUE
737,L3_S29_F3351,20941e3e6c28df09967af03bc92f8cbf,TRUE,TRUE
738,L3_S29_F3354,f369d8cb7b18fa5def3bbfc87090ca0c,TRUE,TRUE
739,L3_S29_F3357,5a04515912d5916774755d41823bd299,TRUE,TRUE
740,L3_S29_F3360,4130c19d8a631a80048a5d456f5bd9aa,TRUE,TRUE
741,L3_S29_F3367,87a5ed52bebebd1f2c40a1c0fca1c428,FALSE,TRUE
742,L3_S29_F3370,c958ce8f08215d2c636ba8381651bc35,FALSE,TRUE
743,L3_S29_F3373,3bc19399e79b62715b5573f4ccacdb53,TRUE,FALSE
744,L3_S29_F3376,bdcf27dc0641fd3a8365dd0829963190,TRUE,FALSE
745,L3_S29_F3379,9358678529e743c1713359203362b354,TRUE,FALSE
746,L3_S29_F3382,b9bb191cd5cb25a46c956368fc2c3796,TRUE,FALSE
747,L3_S29_F3385,401fd2942055ecf586c21fa9dcf1b557,FALSE,TRUE
748,L3_S29_F3388,fe150c5c1f3f2a7bf1246358ad118e0d,FALSE,TRUE
749,L3_S29_F3395,25829ae4386948c33a81ad54a42492cc,FALSE,TRUE
750,L3_S29_F3398,4130c19d8a631a80048a5d456f5bd9aa,FALSE,TRUE
751,L3_S29_F3401,8077b30e48b9be7a6ae95ebd6ec3cce6,FALSE,TRUE
752,L3_S29_F3404,5a04515912d5916774755d41823bd299,FALSE,TRUE
753,L3_S29_F3407,07d3cfcbf1fdd40cfcbf935cf8278db0,TRUE,TRUE
754,L3_S29_F3412,07d3cfcbf1fdd40cfcbf935cf8278db0,FALSE,TRUE
755,L3_S29_F3421,33b6cb5d665c6ba7046cb6bb0300044e,FALSE,TRUE
756,L3_S29_F3424,b12b3857c434a78d6282adf518511847,FALSE,TRUE
757,L3_S29_F3427,94d5b2c191dfc558a1157a9d76ed9e91,TRUE,FALSE
758,L3_S29_F3430,91b1a7f76f42c41d41a6ef13c2fc9294,TRUE,FALSE
759,L3_S29_F3433,d17fde791a5126f41e85d9ce06cdd146,TRUE,FALSE
760,L3_S29_F3436,935db310acc44a9ec05f6b5517f5c275,TRUE,FALSE
761,L3_S29_F3439,82c0d5df90ed7d040cd9aa30c28c094c,FALSE,TRUE
762,L3_S29_F3442,0fcb118910483bb1c4600a2f87d6ac43,FALSE,TRUE
763,L3_S29_F3449,edd6dba7ba0fb081fa57c121986ecd08,FALSE,TRUE
764,L3_S29_F3452,f369d8cb7b18fa5def3bbfc87090ca0c,FALSE,TRUE
765,L3_S29_F3455,e6dfd520d6ec7fb4828889cf10b14f8c,FALSE,TRUE
766,L3_S29_F3458,20941e3e6c28df09967af03bc92f8cbf,FALSE,TRUE
767,L3_S29_F3461,6be7f5e87f82cc6eeea81e8d488f78fa,TRUE,TRUE
768,L3_S29_F3464,092aaf586622ce69270a7f5472b3dcc4,TRUE,TRUE
769,L3_S29_F3467,6be7f5e87f82cc6eeea81e8d488f78fa,FALSE,TRUE
770,L3_S29_F3470,092aaf586622ce69270a7f5472b3dcc4,FALSE,TRUE
771,L3_S29_F3473,905e62a06a7c01e649721f9a81dd6684,TRUE,FALSE
772,L3_S29_F3476,8b98d1baffe12d8912958c368bd16f60,TRUE,FALSE
773,L3_S29_F3479,df41a2bdb3616f6d8d3888bae3102d96,TRUE,FALSE
774,L3_S29_F3482,83258a748c99c3da4ab62f5a9553cdca,TRUE,FALSE
775,L3_S29_F3485,5325f30f05f2b1d6d8e49392c3bf02f6,TRUE,FALSE
776,L3_S29_F3488,f82d4707a9cb94cb7a053d066cd3a37b,TRUE,FALSE
777,L3_S29_F3491,1027bc2b3e541705794dd7868cb6370c,TRUE,FALSE
778,L3_S30_F3494,5af61b132c224a7c940228d30ad9a83d,TRUE,FALSE
779,L3_S30_F3499,2d7292bc080cfa3cedf63b7e6fb28826,TRUE,FALSE
780,L3_S30_F3504,3684dd9931caef298fa2036040827aeb,TRUE,TRUE
781,L3_S30_F3509,704a6ad3e5e572495823471f7f38e55f,TRUE,FALSE
782,L3_S30_F3514,6b8baef39254c5e282ddb6fdb289970a,TRUE,TRUE
783,L3_S30_F3519,668758397ee0081767f37ee7d791e558,TRUE,FALSE
784,L3_S30_F3524,c6e70b1fb77144b70574772da0a9a755,TRUE,TRUE
785,L3_S30_F3529,3684dd9931caef298fa2036040827aeb,FALSE,TRUE
786,L3_S30_F3534,8ae97b7c8293d54c28bd6baa67ac6ae4,TRUE,TRUE
787,L3_S30_F3539,6b8baef39254c5e282ddb6fdb289970a,FALSE,TRUE
788,L3_S30_F3544,aff2ad201c42de878673422d487ae29e,TRUE,FALSE
789,L3_S30_F3549,c6e70b1fb77144b70574772da0a9a755,FALSE,TRUE
790,L3_S30_F3554,59a02edc7cffe258e44dc115eeac7d8c,TRUE,FALSE
791,L3_S30_F3559,8ae97b7c8293d54c28bd6baa67ac6ae4,FALSE,TRUE
792,L3_S30_F3564,1bffd495f9826793a3923f65aa858e7f,TRUE,FALSE
793,L3_S30_F3569,029d1a6f31ba82302776ed0e060df32f,TRUE,FALSE
794,L3_S30_F3574,46957227695059c4a700fcb468ec9c19,TRUE,FALSE
795,L3_S30_F3579,cb648c4d24826746542704c997cbd8d1,TRUE,FALSE
796,L3_S30_F3584,d84ac29ce16fc999ff42084f42f7db92,TRUE,FALSE
797,L3_S30_F3589,abf3de8a6798bb7bd5e0c1fb913b5b85,TRUE,FALSE
798,L3_S30_F3594,2d31cb5f765f4998f072620452b5bb89,TRUE,FALSE
799,L3_S30_F3599,9618f7d59baccdcf5be037bed9026330,TRUE,TRUE
800,L3_S30_F3604,c070fe716c073c456c82e2867e9cad73,TRUE,FALSE
801,L3_S30_F3609,868f08ae9cb818d6283cfab70778311e,TRUE,FALSE
802,L3_S30_F3614,9618f7d59baccdcf5be037bed9026330,FALSE,TRUE
803,L3_S30_F3619,9618f7d59baccdcf5be037bed9026330,FALSE,TRUE
804,L3_S30_F3624,767b790828cb9dafc86d517ab4916260,TRUE,FALSE
805,L3_S30_F3629,b1b82d0f8546728e0c8fa22567dedbd2,TRUE,FALSE
806,L3_S30_F3634,4a47a9df20b2d91a21a2d775e41a4474,TRUE,FALSE
807,L3_S30_F3639,ec59ae8b251a5a32b883e3bba63e387a,TRUE,FALSE
808,L3_S30_F3644,1a742682a2c4e89933e96eb2fcc1393e,TRUE,FALSE
809,L3_S30_F3649,cb9ced78e07609a452be9de7733a466a,TRUE,FALSE
810,L3_S30_F3654,4624574f0e548bf541937cac215a2b87,TRUE,FALSE
811,L3_S30_F3659,9618f7d59baccdcf5be037bed9026330,FALSE,TRUE
812,L3_S30_F3664,61dc52742ff989786413b347345a21c0,TRUE,FALSE
813,L3_S30_F3669,5adf01c04adadf2f9a9a126331d66c42,TRUE,FALSE
814,L3_S30_F3674,3253e9d06f16ca15c3e02209832f7182,TRUE,FALSE
815,L3_S30_F3679,9ff7141b74c144c2900b71256c6bbaf9,TRUE,FALSE
816,L3_S30_F3684,95be7ef73b7a79640715fd5b833a052e,TRUE,FALSE
817,L3_S30_F3689,06e1409d5560932933571f2c7f3801d1,TRUE,FALSE
818,L3_S30_F3694,9618f7d59baccdcf5be037bed9026330,FALSE,TRUE
819,L3_S30_F3699,9618f7d59baccdcf5be037bed9026330,FALSE,TRUE
820,L3_S30_F3704,66b92a12b41e09ed5d830306d2b394a4,TRUE,FALSE
821,L3_S30_F3709,eaec20bcb93bd3237d69c3c61bd19ea3,TRUE,FALSE
822,L3_S30_F3714,9618f7d59baccdcf5be037bed9026330,FALSE,TRUE
823,L3_S30_F3719,9618f7d59baccdcf5be037bed9026330,FALSE,TRUE
824,L3_S30_F3724,5d1b12a6d86793c16a0f64560688be8a,TRUE,FALSE
825,L3_S30_F3729,452de30eaa5f18ec0fc55cb3fc7f93ec,TRUE,FALSE
826,L3_S30_F3734,3891de4a19c2eecd52536d67e1f6b0a7,TRUE,FALSE
827,L3_S30_F3739,d9dacd6115bfbe630b32a4cff645b9e7,TRUE,FALSE
828,L3_S30_F3744,d23550ce188d9b50a55df9adb29d6240,TRUE,FALSE
829,L3_S30_F3749,851ae6fc656b8aed4af93aa26ef02843,TRUE,FALSE
830,L3_S30_F3754,eaa5fe33817bf79746cf2bbd58a74b41,TRUE,FALSE
831,L3_S30_F3759,3b8bba82d206469e2a6df04e29bae56f,TRUE,FALSE
832,L3_S30_F3764,55fb80de5dc8de4f2c2fee4d8dba4c27,TRUE,FALSE
833,L3_S30_F3769,1465193f37d051e0b0fc56e801b11fe8,TRUE,FALSE
834,L3_S30_F3774,9f10e077ab8ebe03ad586457e3b9b43c,TRUE,FALSE
835,L3_S30_F3779,020d4c07814c2106f565c9334d9ded20,TRUE,TRUE
836,L3_S30_F3784,530401703fad0dc0f362670397334648,TRUE,FALSE
837,L3_S30_F3789,020d4c07814c2106f565c9334d9ded20,FALSE,TRUE
838,L3_S30_F3794,ee67e461ff1eb3e33cdd590e72701a0f,TRUE,FALSE
839,L3_S30_F3799,7998eef228192d3d7887b273ac3929d4,TRUE,FALSE
840,L3_S30_F3804,a4d78d61b9c61099b387532f775a3fe9,TRUE,FALSE
841,L3_S30_F3809,bdb0b0b82fef57d8384cfd58a410542b,TRUE,FALSE
842,L3_S30_F3814,020d4c07814c2106f565c9334d9ded20,FALSE,TRUE
843,L3_S30_F3819,1ff09d8e55557c6a640446747c055b69,TRUE,FALSE
844,L3_S30_F3824,020d4c07814c2106f565c9334d9ded20,FALSE,TRUE
845,L3_S30_F3829,2e7fb3a254c96759ef4ad07367e4ef59,TRUE,FALSE
846,L3_S31_F3834,848e28bb15a5045557d2ad653ed58d5d,TRUE,FALSE
847,L3_S31_F3838,12a530172645b4df6fd365494e223af4,TRUE,FALSE
848,L3_S31_F3842,d0eca56487af5117f604ed5296bfa639,TRUE,FALSE
849,L3_S31_F3846,e60e785c0e6b20d0016b8e9e19a1ec95,TRUE,FALSE
850,L3_S32_F3850,aa22ca58e33b22e61dd05725b3ee5a0f,TRUE,FALSE
851,L3_S33_F3855,17751dc8b20a036b7cbfe0f9d4538283,TRUE,TRUE
852,L3_S33_F3857,a73831d7d98189c023bff5d7599d1344,TRUE,FALSE
853,L3_S33_F3859,0c659281c9d2626e19aa336f0ea3b955,TRUE,FALSE
854,L3_S33_F3861,17751dc8b20a036b7cbfe0f9d4538283,FALSE,TRUE
855,L3_S33_F3863,17751dc8b20a036b7cbfe0f9d4538283,FALSE,TRUE
856,L3_S33_F3865,a83e23da9bd84627f914b42d1d9b4bac,TRUE,FALSE
857,L3_S33_F3867,f1f6f2dc999e93b6eca16184244b53c2,TRUE,FALSE
858,L3_S33_F3869,e818220ae784e3a8118bdcf8bb0123ec,TRUE,FALSE
859,L3_S33_F3871,7579d75673d91925567f863b1ba6a168,TRUE,FALSE
860,L3_S33_F3873,8052a9b58931acdef25086d1e2fd182f,TRUE,FALSE
861,L3_S34_F3876,309d2984f95bdb46215c9c1e4f02ce69,TRUE,FALSE
862,L3_S34_F3878,16aea21a5a0caec3ac0323e7289a16dd,TRUE,FALSE
863,L3_S34_F3880,9f629f8b8d1e4016a57e9b275b81541d,TRUE,FALSE
864,L3_S34_F3882,e53f85a240a226f5a9883f05af9690ba,TRUE,FALSE
865,L3_S35_F3884,a4e7aa77e734855e3c1e68035ebbac2d,TRUE,FALSE
866,L3_S35_F3889,976b9042162841e6f27b7234bdb86d7c,TRUE,FALSE
867,L3_S35_F3894,c17a0099ba6bcdf7ca44e5136a47ffce,TRUE,FALSE
868,L3_S35_F3896,70c258d5d1c2a2e8361af8cc07047588,TRUE,FALSE
869,L3_S35_F3898,233bcb238fc6f05570cf08d0e67e92ba,TRUE,FALSE
870,L3_S35_F3903,21242edd1d5b0b65fba9661bfa75cd97,TRUE,FALSE
871,L3_S35_F3908,567826155dda7ef6acfc55d47139dff5,TRUE,FALSE
872,L3_S35_F3913,4291f5a1137b1e4213fc35dba1502e7d,TRUE,FALSE
873,L3_S36_F3918,11d0b3e6214df9205edd46e1473a9c4b,TRUE,TRUE
874,L3_S36_F3920,dec1c6a4e34d6a95471ccc46eefaf775,TRUE,TRUE
875,L3_S36_F3922,11d0b3e6214df9205edd46e1473a9c4b,FALSE,TRUE
876,L3_S36_F3924,dec1c6a4e34d6a95471ccc46eefaf775,FALSE,TRUE
877,L3_S36_F3926,462ca0080c878ca52057319cb7853777,TRUE,FALSE
878,L3_S36_F3930,26c1e1b983d9664760aa18bdc0643027,TRUE,FALSE
879,L3_S36_F3934,a76a38a945348969cb53a3d83b7973ed,TRUE,FALSE
880,L3_S36_F3938,1b7aa4896bf6cf336f96fa64d7ca863c,TRUE,FALSE
881,L3_S37_F3944,9cabd03a6c9705ed69cc8099ba6e6ca1,TRUE,FALSE
882,L3_S37_F3946,e6df07158529dacff36fd8a46cc068a1,TRUE,FALSE
883,L3_S37_F3948,ecdd532f017a9947aa95a3fd7a37fd0a,TRUE,FALSE
884,L3_S37_F3950,ddc2ac31bcb61dc2eaa38486a812d6f2,TRUE,FALSE
885,L3_S38_F3952,4e1c0577e0cbe2b0b9c70582be7133fa,TRUE,FALSE
886,L3_S38_F3956,1e29065563d1fada8a152fb29650bd6f,TRUE,FALSE
887,L3_S38_F3960,dbde8123d30d1fc5cf1b87ce96d0514f,TRUE,FALSE
888,L3_S39_F3964,6507c453eb75006e341ec3ebd2b11f36,TRUE,FALSE
889,L3_S39_F3968,e8539e401483a78f7f1bbc566a22c90b,TRUE,FALSE
890,L3_S39_F3972,c15482c92a1df21c463243375768bf1e,TRUE,FALSE
891,L3_S39_F3976,e7e8499106ea79e442d7611035c3ff7c,TRUE,FALSE
892,L3_S40_F3980,3171187f7101c0955bd2fe8bdc89ea62,TRUE,FALSE
893,L3_S40_F3982,3580064c84a21d4b6c266fdc18ff9c76,TRUE,FALSE
894,L3_S40_F3984,a49071e40ee0a7cf419f6212df45050a,TRUE,FALSE
895,L3_S40_F3986,76e61ad38c889a5fd03c9824d3d9c303,TRUE,FALSE
896,L3_S40_F3988,a347b59fae274cedd9f907ce0927417d,TRUE,FALSE
897,L3_S40_F3990,17acfe20123c50925a8078bad4bebe0b,TRUE,FALSE
898,L3_S40_F3992,40c7c411a95e08865045d646b14f51d5,TRUE,FALSE
899,L3_S40_F3994,2c0d4ba12770c198c4b78519c87c9d32,TRUE,FALSE
900,L3_S41_F3996,0ede1601aa5988b7becc0e2284c9d1e8,TRUE,FALSE
901,L3_S41_F3998,44f3338511c1b1d2bc4414533fc9eaef,TRUE,FALSE
902,L3_S41_F4000,f1cf39f482aad5c2a38b31590b1a31eb,TRUE,FALSE
903,L3_S41_F4002,db126ee229f06dba36063bbf0783165d,TRUE,FALSE
904,L3_S41_F4004,2596d660fc39777d05330ba8958a3bc7,TRUE,FALSE
905,L3_S41_F4006,8d4ada8bfb5710ef907ed5c8a306ead7,TRUE,FALSE
906,L3_S41_F4008,6911e3c9b313a37340148072a7798f6f,TRUE,FALSE
907,L3_S41_F4011,329a4b97b68256d78fb1ed6c9e62805f,TRUE,FALSE
908,L3_S41_F4014,450d1b17cc546d49f4cc515cf7ea0eca,TRUE,FALSE
909,L3_S41_F4016,3d3392c9fc2eac796810a0303053cc33,TRUE,FALSE
910,L3_S41_F4018,514a99f1e58f003c809a64bd1e388c4f,TRUE,FALSE
911,L3_S41_F4020,80fc3fc99d4d5ed717436e530f79865e,TRUE,FALSE
912,L3_S41_F4023,b33134bc7d3e2e7d7f133df30b717d2b,TRUE,FALSE
913,L3_S41_F4026,e4c0da4805814bd413436d28d2fa2773,TRUE,FALSE
914,L3_S43_F4060,875643827118613558cf535bba0edf09,TRUE,FALSE
915,L3_S43_F4065,72ffeda27d971440b7b058215defc1c0,TRUE,FALSE
916,L3_S43_F4070,62feb8fce226c5ee1db7fb0efc3be9bc,TRUE,FALSE
917,L3_S43_F4075,845567c0310a20b8dc80c21cf56ab325,TRUE,FALSE
918,L3_S43_F4080,3ce2b55269c6e0a8c661b80780292f7d,TRUE,FALSE
919,L3_S43_F4085,3901db7b124fe54335fbfdac7eca582f,TRUE,FALSE
920,L3_S43_F4090,db40658f1658fac75c705505b461fc57,TRUE,FALSE
921,L3_S43_F4095,c05605e7759f3620445cc43996134e85,TRUE,FALSE
922,L3_S44_F4100,c00e2a9eabe5d305bb60c0a4fdf097fb,TRUE,FALSE
923,L3_S44_F4103,233bb758dd898a9fc0452fc12e0cf7bd,TRUE,FALSE
924,L3_S44_F4106,a1da0ab69f1e93c0e3cd8c7503d02c96,TRUE,FALSE
925,L3_S44_F4109,c22db334c8cf38d1f7576b451e91420b,TRUE,FALSE
926,L3_S44_F4112,e74f1e53548d91c8160cf9b4e9c6153a,TRUE,FALSE
927,L3_S44_F4115,ab3c5d06cdc9848758cfd713a68c9660,TRUE,FALSE
928,L3_S44_F4118,b0f6720e6621b42b7d5eb24cee433258,TRUE,FALSE
929,L3_S44_F4121,a879c84c2d5bba92d124d6d152b52f7c,TRUE,FALSE
930,L3_S45_F4124,65959d804e376983bf1a9f87c4169ed0,TRUE,FALSE
931,L3_S45_F4126,2c74a06d3d08de7b96b9d6340cf22a7c,TRUE,FALSE
932,L3_S45_F4128,0bd0bc38c0c770a7180cf1805ebb7275,TRUE,FALSE
933,L3_S45_F4130,dc7944dba7f22d4e411ef08e7db05442,TRUE,FALSE
934,L3_S45_F4132,cd76ee38a062b65250f551d9bbbda9ba,TRUE,FALSE
935,L3_S47_F4138,3ea542569166441daa345dcab9da4dd1,TRUE,FALSE
936,L3_S47_F4143,35edfaf282765a29f28b4d784bf40da0,TRUE,FALSE
937,L3_S47_F4148,6003cda4ec029a5ca892ef1db0404d55,TRUE,TRUE
938,L3_S47_F4153,69d3b079ad38798c4f48c805c088604e,TRUE,FALSE
939,L3_S47_F4158,23f60487fcd836e9cd080449ae720a15,TRUE,FALSE
940,L3_S47_F4163,0d3203232d5a533419ce0a244f082622,TRUE,FALSE
941,L3_S47_F4168,6003cda4ec029a5ca892ef1db0404d55,FALSE,TRUE
942,L3_S47_F4173,29765b444cfc1f9c60d203077c341037,TRUE,FALSE
943,L3_S47_F4178,c554e2ae64a8f2a056b79adcf813243e,TRUE,FALSE
944,L3_S47_F4183,b06a8fe9566e0350c285102c3000b286,TRUE,FALSE
945,L3_S47_F4188,5e7889a6cfd1ae8c2f722c0920a08f6e,TRUE,FALSE
946,L3_S48_F4193,b975ee2db665bb589edd0e20d70f0e00,TRUE,FALSE
947,L3_S48_F4196,66d7dc8d5e1a3961c2a16b390d88e643,TRUE,FALSE
948,L3_S48_F4198,ca89a45452a43bd36f471cc7a7e70b40,TRUE,FALSE
949,L3_S48_F4200,f667bf32e7b0513b792996fa16467c01,TRUE,FALSE
950,L3_S48_F4202,a3a727be513655c334f8af58d518381f,TRUE,FALSE
951,L3_S48_F4204,7e4619d01ee72875565d30125654a78f,TRUE,FALSE
952,L3_S49_F4206,68a55dc3c61c1302b3c035b5a35a9d8d,TRUE,FALSE
953,L3_S49_F4211,bd4335640bf69780e23c52b877e836f3,TRUE,FALSE
954,L3_S49_F4216,778fd247ad1cebbeed7ca0b64c4f852e,TRUE,FALSE
955,L3_S49_F4221,133b7f0e931f0bca824d5e369a4dd34d,TRUE,FALSE
956,L3_S49_F4226,96b253cec89cc0d99db228ef40b41ddb,TRUE,FALSE
957,L3_S49_F4231,0ba7dc2045f5b7a8fde9ee20a87de8b1,TRUE,FALSE
958,L3_S49_F4236,2cea58e356d0d4ffc8c535bd9cdafff8,TRUE,FALSE
959,L3_S50_F4241,55ae69a690f9d19e017fa09cf81c65e7,TRUE,FALSE
960,L3_S50_F4243,939a267c6fbbf82c833097f0a71f4654,TRUE,FALSE
961,L3_S50_F4245,ecc849b5b7728d4f4f4ac160f7d553ba,TRUE,FALSE
962,L3_S50_F4247,95001611d32801c93d0270357559417c,TRUE,FALSE
963,L3_S50_F4249,3a83dc4b0c3d429ed6284099f57b7de9,TRUE,FALSE
964,L3_S50_F4251,13e6db2ec3b281229576be078be3942e,TRUE,FALSE
965,L3_S50_F4253,7ac9051de7129f4c0e06c85f1c2323c4,TRUE,FALSE
966,L3_S51_F4256,c5e63f1d63f923afb7b5ec818c7edb26,TRUE,FALSE
967,L3_S51_F4258,660ae4f63dcf21fd95243861252981de,TRUE,FALSE
968,L3_S51_F4260,cd805409dcfef3ec573771d78a2b8f58,TRUE,FALSE
969,L3_S51_F4262,54ed18182502293a086c6568976fb5c3,TRUE,FALSE
970,Response,f561354c1e62ba8fd3e2700ec4737462,TRUE,FALSE
