,10,20,30,40,50,60,70,80,90,100,110,120,130,140,150,160,170,180,190,200,210,220,230,240,250,260,270,280,290,300,310,320,330,340,350,360,370,380,390,400,410,420,430,440,450,460,470,480,490,500,510,520,530,540,550,560,570,580,590,600,610,620,630,640,650,660,670,680,690,700,710,720,730,740,750,760,770,780,790,800,810,820,830,840,850,860,870,880,890,900,910,920,930,940,950,960,970,980,990,1000,1010,1020,1030,1040,1050,1060,1070,1080,1090,1100,1110,1120,1130,1140,1150,1160,1170,1180,1190,1200,1210,1220,1230,1240,1250,1260,1270,1280,1290,1300,1310,1320,1330,1340,1350,1360,1370,1380,1390,1400,1410,1420,1430,1440,1450,1460,1470,1480,1490,1500,1510,1520,1530,1540,1550,1560,1570,1580,1590,1600,1610,1620,1630,1640,1650,1660,1670,1680,1690,1700,1710,1720
172.0,0.00327011118378,0.00384615384615,0.0024384837065,,0.000647878198899,0.00583090379009,0.00269587194608,0.00287356321839,0.00353287536801,0.00208550573514,0.00308988764045,0.00122699386503,0.00285612281328,0.00335570469799,0.00303234501348,0.00387096774194,,0.00398208063713,0.0,0.0102040816327,0.00986547085202,0.00626067159932,0.00733080246106,0.00921962462957,0.00466451381414,0.00339712376854,0.00826035031847,0.00575229192882,0.00505050505051,0.00575771533855,0.01001001001,0.00324675324675,0.00730104648333,0.00891818534316,0.00964708755648,0.0100118784999,0.00703324808184,0.0152378736769,0.00796812749004,0.00899887514061,0.00310344827586,,,,,,,,,0.00649717514124,,0.00533807829181,0.00379641713133,0.00734186746988,0.0102941176471,0.00592620913783,0.00469381071935,0.00504286434695,0.00507292327204,0.00586674116497,0.0068150840527,0.00785203280405,0.00846414281317,0.00677277345073,0.00410466906106,0.00573445081606,0.00480769230769,0.00595077089532,0.0137354434159,0.0084388185654,0.0064858490566,,,,,,,,,,,,0.00875079264426,0.0108879294162,0.0116872649113,,,,0.015590809628,0.0127140905748,0.00862165490986,0.00832202623247,0.00570291777188,0.00387323943662,0.00714010034736,0.00503647099687,0.00480934386809,0.00428410372041,0.00299132515704,,,,,,,,,,,0.00103734439834,0.00213637172868,0.00289208395307,0.00105152471083,0.00156985871272,0.00154423119347,0.00349984091632,0.00248241621845,0.00249376558603,,,,0.00350121195799,0.00284225485552,0.0026010877276,0.00113170179658,0.00429876410532,0.00119688809096,0.00782997762864,0.00629722921914,0.00579990333494,0.00100401606426,0.0045871559633,0.00393894633186,0.00313234142522,0.00314836678473,,0.00324539363484,0.0124501992032,0.00306304773249,0.00422154677474,0.00335507921715,0.002200220022,0.00248756218905,0.00245734746893,0.00200120072043,0.00136930028755,0.00312385152517,0.00179597701149,0.0089552238806,0.00125,0.00864029104138,0.00493218249075,0.00840336134454,0.00639515314709,0.00647410358566,0.00365380223795,0.00243704305443,0.00128581925055,0.00245098039216,0.00487329434698,0.00704579768495,0.00202429149798,0.00445904717203,0.00314036045877,0.00401146131805,0.00296927446424,0.00524781341108,0.00239026510213,0.000923361034164,0.00326441784548,0.00617760617761,0.000873362445415
1.0,0.00327011118378,0.00385078219013,0.00244118952508,,0.000647878198899,0.00583657587549,0.00269678071802,0.00287356321839,0.00353287536801,0.00208768267223,0.00309162450815,0.00122699386503,0.00285204991087,0.003359462486,0.00303643724696,0.00386597938144,,0.00398009950249,0.0,0.0101975780752,0.0100394406597,0.00627137970353,0.00732888365397,0.00921658986175,0.00465866332199,0.00340097494615,0.00825624191784,0.0057507413065,0.00504686373468,0.00575771533855,0.0100200400802,0.00324675324675,0.00729571984436,0.00892857142857,0.00964944424087,0.0100084817642,0.00702875399361,0.0152378736769,0.008,0.00899381675098,0.00309704060564,,,,,,,,,0.00649717514124,,0.0053317535545,0.00379731814406,0.00733910425292,0.0102820211516,0.00573504110113,0.00469022687609,0.00504184733286,0.00507775309426,0.00572385871841,0.00680426400544,0.00767218831735,0.00860611648993,0.00677621548365,0.00410256410256,0.00573698146514,0.00480769230769,0.00595318630767,0.0137395459976,0.00845665961945,0.00648489314665,,,,,,,,,,,,0.00874635568513,0.0108858858859,0.011677852349,,,,0.0155993431856,0.0127221112396,0.00862068965517,0.00832202623247,0.00570745951686,0.00386779184248,0.00713803414681,0.0050303555941,0.00480934386809,0.00428362078683,0.00298685782557,,,,,,,,,,,0.00103777501038,0.00213637172868,0.00289280105794,0.00105152471083,0.00157047506871,0.00154457193292,0.00350262697023,0.00248395777272,0.00249687890137,,,,0.00350357094731,0.0028427037271,0.00260170293283,0.00113234253362,0.00429722470904,0.00119832234871,0.00783874580067,0.0062893081761,0.00580551523948,0.00100654252642,0.0045871559633,0.00394282897979,0.00312866640594,0.0031458906803,,0.00324301705199,0.0122903172231,0.00314813239173,0.00422225975342,0.00335257962377,0.002200220022,0.00249376558603,0.0024557956778,0.002002002002,0.0013691128149,0.00294117647059,0.00179340028694,0.0089552238806,0.00125,0.00864422202002,0.00493285831735,0.0083932853717,0.00639192598823,0.00645802285147,0.0036563071298,0.00243506493506,0.00128463938337,0.00245398773006,0.00486192143135,0.00704225352113,0.00202224469161,0.00446009389671,0.00314078929401,0.0040168324407,0.00296735905045,0.00524170064065,0.00239026510213,0.000925925925926,0.00326560232221,0.00615858352579,0.000874125874126
2.0,0.00288033516627,0.00328330206379,0.00265486725664,,0.00062656641604,0.0057361376673,0.00231864855913,0.00267379679144,0.00439472632841,0.0020325203252,0.003359462486,0.00181818181818,0.000717360114778,0.00634249471459,0.00201207243461,0.00218818380744,,0.00334185177904,0.0,0.00869025450031,0.0083857442348,0.00568828213879,0.00602567461357,0.0105263157895,0.00557491289199,0.00320659642694,0.0083932853717,0.0068361086766,0.00557103064067,0.00588768115942,0.00902708124373,0.0,0.0087740677553,0.00866141732283,0.00999025341131,0.00871898054997,0.00895140664962,0.0149976926627,0.00691562932227,0.00782997762864,0.0020646937371,,,,,,,,,0.00631458094145,,0.00722456351595,0.00449385052034,0.00748222970445,0.00750144258511,0.00644916540212,0.00458916083916,0.00531810124089,0.00781005935645,0.00575705238918,0.00318761384335,0.00841219768665,0.00837988826816,0.00762829403606,0.00564247242883,0.00963222416813,0.0,0.00693148493735,0.0174698795181,0.00631246712257,0.0061135371179,,,,,,,,,,,,0.00782038345106,0.0117246596067,0.00869565217391,,,,0.0134843581446,0.0114726741761,0.00851900393185,0.00876251788269,0.00531632110579,0.00646551724138,0.00770564438451,0.00376454483231,0.00642054574639,0.00385050962627,0.00237670825906,,,,,,,,,,,0.00165631469979,0.00212089077413,0.00263417846559,0.00103412616339,0.000791765637371,0.00126582278481,0.00445009535919,0.00285132382892,0.00363196125908,,,,0.00269759913677,0.00123380629241,0.00279589934762,0.00112994350282,0.00318358684117,0.00121951219512,0.0078431372549,0.00501253132832,0.00383141762452,0.0,0.0,0.00490677134446,0.00625978090767,0.000801924619086,,0.00330988829127,0.0136393878909,0.00342348510784,0.0040390440929,0.00384985563041,0.00218861918026,0.00512820512821,0.00209878270603,0.00198098256735,0.00135648399349,0.00472040668119,0.000736919675755,0.00653206650831,0.00167084377611,0.00825309491059,0.00622462787551,0.0102120974077,0.00781515460415,0.00398009950249,0.00417246175243,0.00275330396476,0.00109210047324,0.00137741046832,0.00385356454721,0.00775569558895,0.0040404040404,0.00566839867737,0.00351922035734,0.00424382716049,0.0031185031185,0.00689259046525,0.002574002574,0.00179856115108,0.00284495021337,0.00148588410104,0.0
3.0,0.00366108786611,0.00442477876106,0.00222222222222,,0.000673854447439,0.006,0.00308008213552,0.003125,0.00270688321732,0.00214592274678,0.00282965478212,0.000618429189858,0.0049365303244,0.0,0.00405953991881,0.00623052959502,,0.00463336019339,0.0,0.0118161925602,0.0117302052786,0.00680272108844,0.00858704137393,0.00790513833992,0.00366568914956,0.00336398295582,0.00811399168811,0.00459052515608,0.00445103857567,0.00560224089636,0.010989010989,0.00657894736842,0.00581395348837,0.00916730328495,0.00927734375,0.0110154905336,0.00634517766497,0.015503875969,0.00889453621347,0.0101925254813,0.00412371134021,,,,,,,,,0.00666296501943,,0.00353356890459,0.00332304770947,0.00755857898715,0.0131736526946,0.00537221795856,0.00478260869565,0.0047569803516,0.00224935732648,0.00595238095238,0.00989653621233,0.00693240901213,0.00881191127317,0.0056142668428,0.00255623721881,0.00178571428571,0.01,0.00492072170585,0.0100651272943,0.010718113612,0.00679669030733,,,,,,,,,,,,0.00969387755102,0.0101047904192,0.0146540027137,,,,0.0178870877585,0.0141679001903,0.00870361887311,0.00804240541035,0.00609432962374,0.00137268359643,0.0065662417922,0.00630693763139,0.00319926873857,0.00470535514228,0.00358208955224,,,,,,,,,,,0.000415454923141,0.00215208034433,0.00314830157415,0.00106723585912,0.00235849056604,0.00184501845018,0.00253968253968,0.00210084033613,0.00128865979381,,,,0.00429991937651,0.00452488687783,0.00239234449761,0.00113282356273,0.00542691751085,0.00117370892019,0.0079006772009,0.00721153846154,0.00779727095517,0.00208550573514,0.00970873786408,0.00296442687747,0.0,0.00539291217257,,0.00316656111463,0.0105960264901,0.00320188742838,0.00441876274643,0.0026714158504,0.00220372184133,0.0,0.00281333520889,0.00201612903226,0.00138427464009,0.00147928994083,0.00139664804469,0.0113840623128,0.000830564784053,0.009004952724,0.00361512791991,0.00643604183427,0.004995004995,0.00892857142857,0.00317604355717,0.00210526315789,0.00148257968866,0.00350026925148,0.00589854502556,0.00624349635796,0.0,0.00326797385621,0.00274499039253,0.00377500943752,0.00281114234603,0.0035046728972,0.00220264317181,0.0,0.00369822485207,0.0112,0.00177619893428
4.0,0.00235355648536,0.0038666022233,0.00254777070064,,0.000651041666667,0.00779727095517,0.00333889816361,0.0028901734104,0.00236313509256,0.0,0.00348229831689,0.000626174076393,0.00359195402299,0.00444444444444,0.00418118466899,0.00271739130435,,0.00416301489921,,0.0132450331126,0.0107367641614,0.00686498855835,0.00741525423729,0.0098383696416,0.00442151805453,0.00234741784038,0.0091780542525,0.00559971098266,0.00585223116313,0.00518134715026,0.0112464854733,0.0,0.00761483664947,0.00712589073634,0.0109452736318,0.00933609958506,0.00670241286863,0.016212406015,0.0131926121372,0.0093131548312,0.00549828178694,,,,,,,,,0.00612472160356,,0.0053317535545,0.00376293508937,0.00982244049868,0.00644405389572,0.00269957578095,0.00503612874973,0.00525040387722,0.00504731861199,0.00475391498881,0.00729594163247,0.00847457627119,0.00882263462124,0.00607492406345,0.00359527478172,0.0053050397878,0.00787401574803,0.00511164917945,0.012070006035,0.00761283306145,0.00646488392595,,,,,,,,,,,,0.00796505652621,0.0136882129278,0.0107009095773,,,,0.0184883088635,0.0120264582081,0.00755052187431,0.00876879026485,0.00507207688201,0.00343406593407,0.00677375653184,0.0051652892562,0.0041265474553,0.00433493041296,0.00293255131965,,,,,,,,,,,0.00166666666667,0.00108577633008,0.00263201184405,0.00102880658436,0.00158604282316,0.00132978723404,0.00471253534402,0.00185528756957,0.00475624256837,,,,0.005108900242,0.00287448099649,0.00276752767528,0.00110344827586,0.00423131170663,0.00120336943442,0.00846501128668,0.00707547169811,0.00947867298578,0.00200601805416,0.0,0.00585651537335,0.00313725490196,0.00461538461538,,0.00334588038478,0.0104712041885,0.00345781466113,0.00307062436029,0.00408163265306,0.00258397932817,0.0,0.00214653692044,0.00122649223222,0.00110741971207,0.003359462486,0.00144822592324,0.00660660660661,0.00164203612479,0.00793650793651,0.00527192008879,0.00777604976672,0.00576662143826,0.00497512437811,0.00545206724216,0.00273672687466,0.00185322461082,0.00217450394129,0.00641509433962,0.00513083632632,0.00297324083251,0.0046403712297,0.00318979266348,0.00339110776187,0.00210692652094,0.00479041916168,0.00309734513274,0.0017825311943,0.0028880866426,0.00604229607251,0.0
5.0,0.00422609614369,0.00335570469799,0.00272479564033,,0.00064308681672,0.0039603960396,0.00203045685279,0.00291545189504,0.00467653936087,0.00399201596806,0.00277008310249,0.00180505415162,0.00204638472033,0.00224719101124,0.00195439739414,0.00490196078431,,0.00382165605096,,0.00769822940724,0.00931034482759,0.0055617352614,0.00725952813067,0.00878844946642,0.00479945149126,0.00397526501767,0.00773096250483,0.00570715177457,0.00484764542936,0.00625,0.00859291084855,0.00694444444444,0.00648414985591,0.0122324159021,0.00828010409274,0.0103402268179,0.00873907615481,0.0142758461893,0.00246609124538,0.00886917960089,0.000679347826087,,,,,,,,,0.00686498855835,,0.00542495479204,0.00358166189112,0.00525328330206,0.0145433391507,0.0089921318846,0.00436014824504,0.00484261501211,0.00502986482238,0.00644799551444,0.00710479573712,0.00691562932227,0.00832819247378,0.00719671007539,0.00481500253421,0.00648148148148,0.0,0.00678610206298,0.0153301886792,0.00956937799043,0.00634188526953,,,,,,,,,,,,0.00959838343016,0.0081451314328,0.0124767719671,,,,0.01171875,0.0139921294272,0.00950011309658,0.00796668477277,0.00637111760021,0.00421644413212,0.00752895752896,0.00483425414365,0.00550206327373,0.00426487093154,0.00292740046838,,,,,,,,,,,0.000412371134021,0.00282286520819,0.00331785003318,0.00102669404517,0.00160256410256,0.00175824175824,0.00226463927532,0.0030637254902,0.0,,,,0.00190528034839,0.00280723643169,0.00237642585551,0.00116720163408,0.004329004329,0.00118203309693,0.00751879699248,0.00445434298441,0.00197044334975,0.0,0.0116279069767,0.00198117880139,0.00314218381775,0.0015923566879,,0.00315989045713,0.00944669365722,0.00513500082823,0.00540540540541,0.00259836674091,0.00178372352285,0.00549450549451,0.00273860057511,0.00273010920437,0.00164113785558,0.00284292821606,0.00212765957447,0.0112559241706,0.00084388185654,0.00929614873838,0.00467418201815,0.00854700854701,0.00699300699301,0.00792079207921,0.00186741363212,0.00209314495029,0.000742390497402,0.00270562770563,0.0032310177706,0.00876338851022,0.00100401606426,0.0043795620438,0.00303280948442,0.0046403712297,0.00380324543611,0.00560852495794,0.00173010380623,0.0,0.00364166059723,0.00626959247649,0.00174825174825
6.0,0.00450211864407,0.00230414746544,0.00264783759929,,0.0013037809648,0.00378787878788,0.00234584450402,0.00606060606061,0.00500577589526,0.00510204081633,0.0039481105471,0.00125865324103,0.00354861603974,0.00230414746544,0.00131665569454,0.00249376558603,,0.00298448070036,,0.00977267898874,0.0118237190971,0.00686498855835,0.00727461678358,0.0111768573307,0.003800967519,0.00407424173834,0.00862068965517,0.00676517714082,0.00567375886525,0.00411334552102,0.0129482071713,0.0,0.00780487804878,0.010844306739,0.00747167992287,0.00879269529929,0.00893997445722,0.0159611380985,0.0128040973111,0.00782122905028,0.00195694716243,,,,,,,,,0.0045197740113,,0.00604229607251,0.00309450130921,0.00752728641325,0.00897867564534,0.00562429696288,0.00391474554154,0.00402171727328,0.00534087338988,0.00558659217877,0.00803212851406,0.00934579439252,0.00987959246681,0.00601805416249,0.00203925567168,0.00181323662738,0.00699300699301,0.0056664867782,0.0156612529002,0.00759631036354,0.0055120394546,,,,,,,,,,,,0.00899550224888,0.013934726806,0.0123879810227,,,,0.0137784843667,0.0115497690046,0.00716364450414,0.00884476534296,0.00591715976331,0.00483759502419,0.00692041522491,0.00442628532516,0.00451671183379,0.00455684666211,0.00116144018583,,,,,,,,,,,0.00124584717608,0.00106534090909,0.00312448610426,0.00113250283126,0.000789889415482,0.00133928571429,0.00351437699681,0.00287888134896,0.00366748166259,,,,0.00347500668271,0.00437363323961,0.00232558139535,0.00113862795332,0.00467121810995,0.00118203309693,0.00857142857143,0.0067264573991,0.00475285171103,0.002,0.0,0.00431241015812,0.00235849056604,0.00306983883346,,0.0031113876789,0.00897904888593,0.00267558528428,0.00541271989175,0.00222799851467,0.00214776632302,0.0,0.00138677021218,0.00198570293884,0.00163666121113,0.00335070737156,0.00216294160058,0.00897129186603,0.00166389351082,0.00838379133675,0.0052212146194,0.00697674418605,0.00609137055838,0.00962463907603,0.00365296803653,0.0031233732431,0.000738825267824,0.00298750678979,0.0066250974279,0.00590841949778,0.00197823936696,0.00580270793037,0.00324587503381,0.00572300648607,0.00307534597642,0.00589622641509,0.00217959895379,0.0,0.00427046263345,0.00755287009063,0.0
7.0,0.00208986415883,0.00505816894284,0.00260303687636,,0.0,0.00816326530612,0.00303438975051,0.0,0.00199203187251,0.0,0.00228702115495,0.00119688809096,0.00206043956044,0.00433839479393,0.00482425913163,0.00533333333333,,0.00497017892644,,0.0106044538706,0.00819964349376,0.00555555555556,0.0074054482941,0.0073726541555,0.00546050236622,0.00229042601924,0.00824617860016,0.0045273451648,0.00498220640569,0.00734956361966,0.00704225352113,0.00709219858156,0.00632911392405,0.00855365474339,0.0117158896754,0.0105802047782,0.00792602377807,0.0133645955451,0.00877192982456,0.0104287369641,0.00429491768074,,,,,,,,,0.00845546786922,,0.00474214582098,0.00401227283455,0.00753012048193,0.0127582017011,0.00617045892788,0.00549571334359,0.0060802594244,0.0047288776797,0.00561797752809,0.00634345265066,0.00600282485876,0.00728818706347,0.00728913571677,0.00636942675159,0.0100090991811,0.0,0.00622462787551,0.011663597299,0.00963081861958,0.00728226041363,,,,,,,,,,,,0.00859598853868,0.00765990042129,0.0107700592353,,,,0.0166379804934,0.0142917192098,0.00987432675045,0.00788671804983,0.00553403431101,0.00277008310249,0.00720124562086,0.00592540955037,0.00512104283054,0.00405131667792,0.00471698113208,,,,,,,,,,,0.000827472072818,0.0028818443804,0.00282485875706,0.000934579439252,0.00241740531829,0.0017490161784,0.00350318471338,0.00205086136177,0.00127226463104,,,,0.00356848751029,0.00127591706539,0.00281557954012,0.00113282356273,0.00388692579505,0.00119904076739,0.00742857142857,0.00467289719626,0.00687622789784,0.0,0.0112359550562,0.00353535353535,0.00392464678179,0.00318979266348,,0.00341224141608,0.0109090909091,0.00598495212038,0.00307062436029,0.00444609114487,0.00223513634332,0.00571428571429,0.00352907961604,0.00200561572403,0.00111203780929,0.00284495021337,0.0014245014245,0.00892325996431,0.000832639467111,0.00887311446318,0.00472616068946,0.00933125972006,0.00667779632721,0.0030737704918,0.00372093023256,0.00164835164835,0.00186706497386,0.00189701897019,0.00312012480499,0.00810126582278,0.00200803212851,0.00327868852459,0.0029737766964,0.00229095074456,0.00286682303883,0.00454803865833,0.00264666960741,0.00173913043478,0.00221729490022,0.00470219435737,0.00173460537728
8.0,0.00328990656665,0.00363020329138,0.00262467191601,,0.000647668393782,0.00589390962672,0.00269179004038,0.00291545189504,0.00352802822423,0.00212314225053,0.00312944523471,0.00122925629994,0.00279427174293,0.00335195530726,0.00303132367801,0.00387596899225,,0.00398287364333,,0.0100924253692,0.0100196815173,0.00620767494357,0.00735101076398,0.0093023255814,0.00460992907801,0.00307657247037,0.00844426783231,0.00566393958464,0.00532670454545,0.0057365764112,0.0100300902708,0.0036231884058,0.00707575942418,0.00970873786408,0.00958621526514,0.00968893421724,0.00845803513338,0.0146955913226,0.0107255520505,0.00911161731207,0.0030779753762,,,,,,,,,0.00649717514124,,0.00539730134933,0.00355914106062,0.00754005655042,0.0108060747664,0.00590138968209,0.00470665499124,0.00505561172902,0.00503857660211,0.00560852495794,0.00719910011249,0.00770443004728,0.00858895705521,0.0066609735269,0.00420435724296,0.00591715976331,0.0036231884058,0.00595318630767,0.0137313432836,0.00864864864865,0.00640093104452,,,,,,,,,,,,0.00881563817555,0.0108818011257,0.0116123865456,,,,0.0151849806737,0.0129351141024,0.00852304586744,0.00828455650608,0.0057432883665,0.0038062283737,0.00706953321712,0.00517419799931,0.00482370506489,0.00430936720345,0.00292654375183,,,,,,,,,,,0.00103799045049,0.00196920873613,0.00297963913259,0.00102354145343,0.00159680638723,0.00154970112907,0.00351213282248,0.002465584549,0.00249532127261,,,,0.00352494577007,0.0028427037271,0.00256889304064,0.00113700966458,0.00427655024947,0.00119331742243,0.00800457404231,0.00574052812859,0.00580270793037,0.00100452034154,0.005,0.00393991627678,0.00314465408805,0.00313356835096,,0.00326384502,0.00995685363425,0.00431618144888,0.00425749318801,0.00334013731676,0.00219250164438,0.00274725274725,0.00245029403528,0.00199760287655,0.00137854976565,0.00309823218516,0.00179211469534,0.0089605734767,0.00124947938359,0.00864422202002,0.00497994190068,0.00816167897396,0.00639192598823,0.00646766169154,0.00369259173783,0.00240899357602,0.00111544896821,0.00244598450876,0.00487709715178,0.00699475393455,0.00199302441455,0.00454002389486,0.00310768815025,0.00401146131805,0.00297465080186,0.00521285838401,0.0024154589372,0.000883392226148,0.00326916091537,0.00615858352579,0.00087374399301
9.0,0.00352388410337,0.00461133069829,0.00195185426155,,0.0,0.0056657223796,0.00202942668696,0.0,0.00524170064065,0.0,0.00168208578638,0.00184842883549,0.0021436227224,0.0,0.0010298661174,0.00389105058366,,0.0026825633383,,0.0103480714958,0.0096,0.00331125827815,0.00954653937947,0.00893743793446,0.00423728813559,0.0037542662116,0.00923994038748,0.00539519827354,0.00648648648649,0.00754458161866,0.00894187779434,0.0,0.00727537286286,0.00832342449465,0.00914411119239,0.0078431372549,0.00568181818182,0.0120439249026,0.00915750915751,0.0139616055846,0.00308008213552,,,,,,,,,0.00598290598291,,0.0053428317008,0.00417101147028,0.00909607731666,0.0124555160142,0.00616937745373,0.00519987000325,0.00393462469734,0.006052141527,0.00806794055202,0.00919238345371,0.00806451612903,0.00832562442183,0.00697211155378,0.00227272727273,0.00538358008075,0.0,0.00439121756487,0.0142984807864,0.0113821138211,0.00644606789858,,,,,,,,,,,,0.00985968904058,0.00901408450704,0.00969743987587,,,,0.0111464968153,0.0147798742138,0.00921962462957,0.00675128274372,0.00568181818182,0.00401606425703,0.00761346998536,0.00774393391843,0.0044704264099,0.00464499004645,0.00504625735913,,,,,,,,,,,0.00126342387871,0.0,0.00290697674419,0.0,0.0,0.00194805194805,0.00485436893204,0.00277949351452,0.0,,,,0.0049730625777,0.00286532951289,0.00355366027008,0.00126689189189,0.00475435816165,0.0,0.0073126142596,0.00711743772242,0.00700280112045,0.0,0.0,0.0036231884058,0.00234741784038,0.00239234449761,,0.00250626566416,0.00798801797304,0.00403327451475,0.00459887583035,0.00164203612479,0.000969618616677,0.0,0.00379907133812,0.00116686114352,0.00293994120118,0.00610094287299,0.00109769484083,0.00699300699301,0.00248138957816,0.0053547523427,0.00500834724541,0.0086741016109,0.0075,0.004329004329,0.00267558528428,0.000817661488144,0.0,0.00320641282565,0.00460034502588,0.00603318250377,0.00153609831029,0.00581818181818,0.00367197062424,0.00564652738566,0.00235571260306,0.00438981562774,0.00265428002654,0.00263852242744,0.00109769484083,0.0,0.0
10.0,0.00279329608939,0.0,0.00387596899225,,0.0,0.00877192982456,0.00295857988166,0.0,0.00178784266985,0.0,0.00521285838401,0.000914913083257,0.00512820512821,0.00338983050847,0.00397614314115,0.00787401574803,,0.00301568154403,,0.00871248789932,0.00743889479277,0.00340715502555,0.00555996822875,0.0111336032389,0.00266524520256,0.00449205252246,0.0069214565152,0.0078125,0.00644468313641,0.00484094052559,0.0139968895801,0.0,0.00874316939891,0.01393728223,0.0107142857143,0.00954907161804,0.0120481927711,0.0182632667126,0.00793650793651,0.00821018062397,0.0030303030303,,,,,,,,,0.00666111573689,,0.00269541778976,0.00428112736354,0.00558659217877,0.00983899821109,0.00748847926267,0.0029335071708,0.00763825236786,0.00671140939597,0.00501462599248,0.00475866757308,0.010183299389,0.00598251265532,0.00844327176781,0.00655864197531,0.00938337801609,0.0,0.00826446280992,0.0134408602151,0.00872323552736,0.00475984422328,,,,,,,,,,,,0.00689127105666,0.0139664804469,0.0105050505051,,,,0.0170316301703,0.0114358322745,0.00815771583956,0.00893824485374,0.00439297124601,0.0042328042328,0.00578368999422,0.00359712230216,0.00718194254446,0.00585802894555,0.00183318056829,,,,,,,,,,,0.000607902735562,0.00318809776833,0.00301356102461,0.00151975683891,0.00364077669903,0.000653594771242,0.00378071833648,0.00156054931336,0.00764818355641,,,,0.00318091451292,0.0042735042735,0.00350140056022,0.00130039011704,0.00430802369413,0.0,0.00743801652893,0.00641025641026,0.00442477876106,0.00153374233129,0.0,0.00224215246637,0.00351699882767,0.00354191263282,,0.00538998097654,0.0113861386139,0.00358606557377,0.00401808136615,0.00387382401771,0.00235294117647,0.0,0.00146229371214,0.00242865816636,0.0,0.00108108108108,0.00416233090531,0.00829493087558,0.00125313283208,0.0120567375887,0.00246305418719,0.00339366515837,0.00718685831622,0.0046511627907,0.00359712230216,0.00474308300395,0.00172413793103,0.00242033077854,0.00356506238859,0.00939985538684,0.00294985250737,0.00428571428571,0.00120675784393,0.00448933782267,0.00420489296636,0.00622775800712,0.00261096605744,0.0,0.00422832980973,0.0118203309693,0.0026075619296
11.0,0.00353079639074,0.00668337510443,0.00198544010589,,0.00193610842207,0.0030959752322,0.00306748466258,0.00826446280992,0.00347021399653,0.00591715976331,0.00252100840336,0.000925069380204,0.00103626943005,0.00655737704918,0.00401203610832,0.0,,0.00618556701031,,0.0114576702737,0.0130363932645,0.0120068610635,0.00693107431652,0.00780487804878,0.00688559322034,0.00134589502019,0.00904845300642,0.00373831775701,0.00310880829016,0.00474898236092,0.00874635568513,0.0106382978723,0.0051376146789,0.00677200902935,0.00871143375681,0.0115346038114,0.00952380952381,0.0135983263598,0.0147874306839,0.00519031141869,0.00304568527919,,,,,,,,,0.00678541136556,,0.00813743218807,0.00217548948513,0.00793201133144,0.00996677740864,0.0039592760181,0.00598603259062,0.00358959018845,0.00234301780694,0.003746877602,0.00747282608696,0.00473933649289,0.011327594019,0.00453857791225,0.00378644452859,0.00284090909091,0.010101010101,0.00522928399035,0.0133096716948,0.00575184880855,0.00796812749004,,,,,,,,,,,,0.00959324635457,0.00953984287318,0.0145748987854,,,,0.0175131348511,0.0125470514429,0.0081466395112,0.0093783494105,0.00709779179811,0.00311526479751,0.00778771271993,0.00411099691675,0.0027614773904,0.00239890335846,0.00172711571675,,,,,,,,,,,0.00124688279302,0.00276243093923,0.00299775168624,0.0015243902439,0.00119047619048,0.0020618556701,0.001903855307,0.00302206104563,0.0,,,,0.00244798041616,0.00140252454418,0.000687757909216,0.00084068936528,0.00374131480492,0.00364298724954,0.00915141430948,0.00355871886121,0.00589101620029,0.00147928994083,0.016393442623,0.00587803085966,0.00355450236967,0.00339750849377,,0.00188916876574,0.0103806228374,0.00524082855004,0.00409626216078,0.00453257790368,0.0032637075718,0.00813008130081,0.00209467951403,0.00242277407632,0.00123051681706,0.00215982721382,0.0,0.011524822695,0.0,0.00862068965517,0.00746887966805,0.0121951219512,0.00449326010984,0.0103244837758,0.00478796169631,0.00158856235107,0.00214938205266,0.00166389351082,0.00642523364486,0.00538876058507,0.0014684287812,0.00354107648725,0.00442655935614,0.00177725118483,0.00232378001549,0.00503355704698,0.00197368421053,0.0,0.00443951165372,0.00675675675676,0.0
12.0,,,0.003003003003,0.00262639527249,0.00397175639894,0.00398040416412,,0.0024443237371,,0.00236034618411,0.00179748352307,0.00205930807249,0.00203134068485,0.00123456790123,0.00279850746269,0.00279209621993,0.00494699646643,0.00143988480922,0.0111843419213,0.0065331010453,0.0122182068491,,0.00725952813067,0.00907634810464,0.00361119470358,0.00529690549205,0.00691562932227,0.0045871559633,0.00730688935282,0.0089928057554,0.0098294884654,,0.0105893186004,,0.0191991223258,0.0141271442987,,,0.0141093474427,0.00899195456697,,,,,,,,,0.00469398808449,0.00742804085422,,0.00470085470085,0.0,,,0.00403601366035,0.00403225806452,0.00563798219585,0.00397953382604,0.00444444444444,,0.0035035035035,0.00707785642063,,0.00651769087523,,0.0050563982886,0.00704225352113,0.00770261219022,0.0056530214425,,,,,,,,,,,,,0.002457002457,,0.00798403193613,,,,0.0103199174407,0.016333938294,,,,0.00568181818182,0.00917992656059,0.00686106346484,0.0132275132275,,0.00407213496219,,,,,,,,,,,0.00256541816316,,,0.000400641025641,0.00159127074335,,0.00130123617437,0.00181983621474,,,,,,0.00337268128162,0.0,,,0.0034225264468,0.00343642611684,0.004004004004,0.0109330819981,0.00171821305842,0.00216274668829,,0.00995619275189,0.00325335502237,0.00864197530864,,0.0148048452221,0.00391542678152,0.00598265031409,0.0051490092058,0.00460475825019,0.00299900033322,0.0,0.00179856115108,0.0012599748005,0.000725689404935,,0.0117351215423,0.00402684563758,,,,,0.0127245508982,0.0032292787944,0.00153256704981,,0.00157977883096,,0.0137184115523,0.00128949065119,0.0127610208817,0.00376789751319,0.00177619893428,,0.00519750519751,0.00385604113111,,,,
13.0,,,0.003003003003,0.00262639527249,0.00397175639894,0.00398040416412,,0.0024443237371,,0.00236034618411,0.00179748352307,0.00205930807249,0.00203134068485,0.00123456790123,0.00279850746269,0.00279630027963,0.0049388523048,0.00144717800289,0.0111687275628,0.0065331010453,0.0122182068491,,0.00725952813067,0.00907634810464,0.00361119470358,0.00529690549205,0.00691562932227,0.0045871559633,0.00730688935282,0.0089928057554,0.0098294884654,,0.0105893186004,,0.0191991223258,0.0141271442987,,,0.0141093474427,0.00899195456697,,,,,,,,,0.00469398808449,0.00742804085422,,0.00470688917415,0.0,,,0.00404103201741,0.00402864816473,0.00563798219585,0.00399315459213,0.00440528634361,,0.0035035035035,0.00707785642063,,0.00651769087523,,0.0050563982886,0.00704225352113,0.00770261219022,0.0056530214425,,,,,,,,,,,,,0.002457002457,,0.00798403193613,,,,0.0103199174407,0.016333938294,,,,0.00568335588633,0.00917431192661,0.00687285223368,0.0131926121372,,0.00407213496219,,,,,,,,,,,0.00256541816316,,,0.000400721298337,0.00159090909091,,0.00130123617437,0.00181983621474,,,,,,0.00337268128162,0.0,,,0.0034225264468,0.00343642611684,0.004004004004,0.0109372053555,0.00171624713959,0.00216041047799,,0.00995619275189,0.00325335502237,0.00864197530864,,0.0148048452221,0.00391542678152,0.00598265031409,0.0051490092058,0.00460687960688,0.00299600532623,0.0,0.00179856115108,0.0012599748005,0.000725689404935,,0.0117351215423,0.00402684563758,,,,,0.0127723516153,0.00321199143469,0.00153256704981,,0.00157977883096,,0.0137184115523,0.00129282482224,0.0127020785219,0.00377073906486,0.00176991150442,,0.00520562207184,0.00384122919334,,,,
14.0,,,0.00602409638554,0.00263504611331,0.00627240143369,0.00304692260817,,0.00299972729752,,0.0,0.00236127508855,0.0,0.00292397660819,0.00122399020808,0.0036231884058,0.00212675457252,0.00622307324079,0.00146627565982,0.0106382978723,0.0060553633218,0.0141233207027,,0.00837821663674,0.00738396624473,0.0023282887078,0.00505334081976,0.0113314447592,0.00228310502283,0.00712250712251,0.0139616055846,0.0121359223301,,0.00852272727273,,0.0220994475138,0.0135409614083,,,0.00732600732601,0.0107003891051,,,,,,,,,0.00496982605609,0.00751879699248,,0.00260869565217,0.0,,,0.00483383685801,0.00498414136837,0.00664050709327,0.00442967884828,0.00613496932515,,0.00406504065041,0.0102092904543,,0.00381679389313,,0.00785545954438,0.00735294117647,0.00793650793651,0.00475812846947,,,,,,,,,,,,,0.00259067357513,,0.00819672131148,,,,0.0105708245243,0.015873015873,,,,0.00543183052689,0.0070126227209,0.00346020761246,0.0111111111111,,0.00353356890459,,,,,,,,,,,0.00411099691675,,,0.000799360511591,0.000451263537906,,0.00127877237852,0.00119832234871,,,,,,0.00531914893617,0.0,,,0.00283107895565,0.00671140939597,0.00200400801603,0.0130019120459,0.00115207373272,0.00270124257158,,0.00745033112583,0.00161812297735,0.00952380952381,,0.0171635049684,0.004375,0.00600600600601,0.00503778337531,0.00522594528128,0.00197109067017,0.0,0.00355871886121,0.00242522231205,0.00142755174875,,0.0103448275862,0.00294985250737,,,,,0.0164670658683,0.00211416490486,0.00151285930408,,0.00315789473684,,0.0135542168675,0.002574002574,0.00952380952381,0.00223880597015,0.0,,0.00211193241816,0.0026455026455,,,,
15.0,,,0.0,0.00262123197903,0.00174216027875,0.00491702519975,,0.00189138070792,,0.0030959752322,0.00121654501217,0.00418410041841,0.00115074798619,0.00124223602484,0.00192307692308,0.00348887919756,0.00368833563854,0.001443001443,0.0116794200564,0.00701754385965,0.010298661174,,0.00611995104039,0.0107991360691,0.00498753117207,0.00554016620499,0.00269541778976,0.00691244239631,0.00747790618627,0.00371057513915,0.00754866905046,,0.012533572068,,0.0163220892274,0.0146764509673,,,0.0203389830508,0.0073732718894,,,,,,,,,0.00441014332966,0.00732600732601,,0.0068085106383,0.0,,,0.0032154340836,0.00309050772627,0.00466880653633,0.00355450236967,0.00277008310249,,0.00296735905045,0.00400801603206,,0.00909090909091,,0.00230591852421,0.00675675675676,0.00746775288527,0.00613732259302,,,,,,,,,,,,,0.00233644859813,,0.00778210116732,,,,0.0100806451613,0.0168128654971,,,,0.00593631948192,0.0108695652174,0.0103806228374,0.0148514851485,,0.00459506031017,,,,,,,,,,,0.00102459016393,,,0.0,0.0027397260274,,0.00132625994695,0.00245851259988,,,,,,0.0016077170418,0.0,,,0.0040061633282,0.0,0.00602409638554,0.00894187779434,0.00226244343891,0.0016146393972,,0.0122793553338,0.00490596892886,0.00769230769231,,0.0124777183601,0.00345585925228,0.00595947556615,0.0052599009901,0.00400739827374,0.00402414486922,0.0,0.0,0.0,0.0,,0.0130293159609,0.00492610837438,,,,,0.00910470409712,0.00431034482759,0.0015479876161,,0.0,,0.0138696255201,0.0,0.0154185022026,0.00536398467433,0.0037037037037,,0.00824742268041,0.00486618004866,,,,
16.0,,,0.0,0.00255918106206,0.0035746201966,0.00315059861374,,0.00249100470523,,0.00445103857567,0.00123609394314,0.00338409475465,0.00238805970149,0.00126903553299,0.00375939849624,0.00212675457252,0.0046232085067,0.00152905198777,0.0137540453074,0.00797872340426,0.00970873786408,,0.00498132004981,0.00972972972973,0.00181268882175,0.00395703787451,0.00296735905045,0.00720288115246,0.00506879073135,0.00377358490566,0.0128099173554,,0.00852272727273,,0.0237020316027,0.0118632240056,,,0.01393728223,0.00763358778626,,,,,,,,,0.00662983425414,0.00385356454721,,0.00537634408602,0.0,,,0.00322997416021,0.00367985280589,0.00608087564609,0.00474495848161,0.0028901734104,,0.00495540138751,0.00810947795236,,0.00575815738964,,0.0047885075818,0.00738007380074,0.00981767180926,0.00523982265216,,,,,,,,,,,,,0.00237529691211,,0.00801603206413,,,,0.0115163147793,0.0142428785607,,,,0.00497512437811,0.0070323488045,0.0,0.015873015873,,0.00414201183432,,,,,,,,,,,0.00206611570248,,,0.000410004100041,0.00185528756957,,0.00265604249668,0.0030303030303,,,,,,0.00412201154163,0.0,,,0.00316355583676,0.00588235294118,0.00401606425703,0.0114285714286,0.0011273957159,0.00109409190372,,0.00854037267081,0.00335008375209,0.0079575596817,,0.018691588785,0.00537124802528,0.00524170064065,0.00570570570571,0.00438184663537,0.00542005420054,0.0,0.00183823529412,0.00170357751278,0.00145772594752,,0.00883392226148,0.00852272727273,,,,,0.0172143974961,0.00631578947368,0.0015455950541,,0.00212992545261,,0.014245014245,0.00137551581843,0.0153846153846,0.00306983883346,0.0072202166065,,0.00323974082073,0.00263157894737,,,,
17.0,,,0.00595238095238,0.00269723533378,0.00444444444444,0.00470311581423,,0.00239744272776,,0.0,0.00232558139535,0.000802568218299,0.00168918918919,0.0011961722488,0.00185185185185,0.00354452813469,0.00514018691589,0.00148148148148,0.00847457627119,0.00513698630137,0.0145262462859,,0.00941176470588,0.0084388185654,0.00539568345324,0.00660066006601,0.0103626943005,0.00219538968167,0.00935828877005,0.0137457044674,0.00701754385965,,0.0125,,0.0149413020277,0.0162337662338,,,0.0142857142857,0.0103286384977,,,,,,,,,0.0028328611898,0.010752688172,,0.00416666666667,0.0,,,0.00486618004866,0.00435161009574,0.00518433179724,0.00338600451467,0.00557103064067,,0.00201207243461,0.00602409638554,,0.00723327305606,,0.0053804765565,0.00636942675159,0.00575079872204,0.00604001510004,,,,,,,,,,,,,0.00254452926209,,0.00795228628231,,,,0.00892857142857,0.018296973962,,,,0.00639658848614,0.0107066381156,0.0108303249097,0.0136363636364,,0.00399771559109,,,,,,,,,,,0.00305810397554,,,0.000396510705789,0.00131868131868,,0.0,0.000606428138266,,,,,,0.00259067357513,0.0,,,0.00370141887724,0.0,0.00399201596806,0.0105105105105,0.00228050171038,0.00315291644771,,0.0114285714286,0.00316205533597,0.00923787528868,,0.0112165660052,0.00248447204969,0.00676506765068,0.00454545454545,0.00457038391225,0.00127713920817,0.0,0.00184162062615,0.000811688311688,0.0,,0.0143540669856,0.0,,,,,0.00909090909091,0.0,0.00149925037481,,0.00104166666667,,0.01317715959,0.00128040973111,0.00888888888889,0.00378787878788,0.0,,0.00722394220846,0.00468384074941,,,,
18.0,,,0.00301204819277,0.00324254215305,0.00369003690037,0.00295683027794,,0.00245231607629,,0.0,0.00119189511323,0.00248756218905,0.00235710076606,0.00122249388753,0.0,0.00260190806592,0.00607476635514,0.0,0.0118953211737,0.00944206008584,0.0126021798365,,0.00665054413543,0.0104275286757,0.00406740267286,0.00501113585746,0.00295857988166,0.00588235294118,0.0076071922545,0.005444646098,0.00959616153539,,0.00936329588015,,0.0231532524807,0.0159151193634,,,0.017793594306,0.00761179828735,,,,,,,,,0.00542888165038,0.00179856115108,,0.00180995475113,0.0,,,0.00501567398119,0.00179856115108,0.004158004158,0.00114678899083,0.0,,0.00509683995923,0.00603015075377,,0.00570342205323,,0.00700934579439,0.00675675675676,0.00810263335584,0.00542215336948,,,,,,,,,,,,,0.00493827160494,,0.0082135523614,,,,0.0147368421053,0.0168374816984,,,,0.00602739726027,0.00843373493976,0.0,0.0183486238532,,0.00403923831506,,,,,,,,,,,0.00421496311907,,,0.0,0.00227686703097,,0.0,0.00241837968561,,,,,,0.00341588385995,0.0,,,0.00316555872111,0.0125,0.002,0.0093423019432,0.00343642611684,0.00213219616205,,0.01246105919,0.00243704305443,0.00728155339806,,0.0160427807487,0.00436817472699,0.00720288115246,0.00470809792844,0.0039950829748,0.0013468013468,0.0,0.00359066427289,0.0,0.0,,0.0103270223752,0.00268817204301,,,,,0.013698630137,0.00405679513185,0.0,,0.00103519668737,,0.0136054421769,0.0,0.0196506550218,0.00460829493088,0.0,,0.00328587075575,0.00238095238095,,,,
19.0,,,0.00299401197605,0.00199468085106,0.00431778929188,0.00500312695435,,0.00243638332431,,0.00486223662885,0.00240963855422,0.00163666121113,0.00171526586621,0.00124843945069,0.00547445255474,0.00305276929786,0.00370027752081,0.00308641975309,0.0101840971406,0.00353669319187,0.0118260869565,,0.00786924939467,0.00765864332604,0.00312109862672,0.00558347292016,0.0103896103896,0.00335570469799,0.00700280112045,0.0124777183601,0.0100644122383,,0.0117753623188,,0.0152838427948,0.0122866894198,,,0.0104895104895,0.0103578154426,,,,,,,,,0.00396253602305,0.0134357005758,,0.00753138075314,0.0,,,0.00314465408805,0.00621393697292,0.00706713780919,0.00706713780919,0.00859598853868,,0.00196656833825,0.00813835198372,,0.00729927007299,,0.00315208825847,0.00689655172414,0.00730897009967,0.00588697017268,,,,,,,,,,,,,0.0,,0.00776699029126,,,,0.00607287449393,0.0158387329014,,,,0.00538793103448,0.00976800976801,0.0106761565836,0.0100502512563,,0.00410557184751,,,,,,,,,,,0.001,,,0.000810701256587,0.000891265597148,,0.0026075619296,0.00121728545344,,,,,,0.00333055786844,0.0,,,0.00340136054422,0.0,0.0060120240481,0.0126679462572,0.0,0.00214247455811,,0.00733496332518,0.00407166123779,0.0100502512563,,0.0135501355014,0.00345803206539,0.00477042337507,0.00558312655087,0.00498132004981,0.00510855683269,0.0,0.0,0.00243506493506,0.0014367816092,,0.0130718954248,0.00536193029491,,,,,0.0125588697017,0.00213219616205,0.00305810397554,,0.0021436227224,,0.0138674884438,0.00269541778976,0.00440528634361,0.00228658536585,0.00662251655629,,0.00723140495868,0.00498753117207,,,,
20.0,,,0.003003003003,0.00262639527249,0.00401427297056,0.00395136778116,,0.0024443237371,,0.00236034618411,0.00179748352307,0.00205930807249,0.00203134068485,0.0012353304509,0.00279589934762,0.00282670145684,0.00488145048815,0.00151630022745,0.011030135907,0.0065331010453,0.0122182068491,,0.00725952813067,0.00907634810464,0.00361119470358,0.00529690549205,0.00691562932227,0.0045871559633,0.00730688935282,0.0089928057554,0.0098294884654,,0.0105893186004,,0.0191991223258,0.0141271442987,,,0.0141093474427,0.00899195456697,,,,,,,,,0.00469398808449,0.00742804085422,,0.00478260869565,0.0,,,0.00408419729815,0.00401785714286,0.0056188082212,0.00406976744186,0.00420168067227,,0.0035035035035,0.00707785642063,,0.00651769087523,,0.00509204857031,0.00682593856655,0.00770261219022,0.0056530214425,,,,,,,,,,,,,0.002457002457,,0.00798403193613,,,,0.0103199174407,0.016333938294,,,,0.00570497147514,0.00909642207398,0.00553505535055,0.0143198090692,,0.00407213496219,,,,,,,,,,,0.00256541816316,,,0.000404448938322,0.00157444894287,,0.00130123617437,0.00181983621474,,,,,,0.00337268128162,0.0,,,0.00328535669587,0.00615384615385,0.004004004004,0.0109910934243,0.00168918918919,0.00213561131874,,0.00995619275189,0.00325335502237,0.00864197530864,,0.0148048452221,0.00391542678152,0.00598265031409,0.00514820592824,0.00448638613861,0.00327546675401,0.0,0.00187969924812,0.00123507616303,0.000725689404935,,0.0117351215423,0.00402684563758,,,,,0.012393493416,0.00414507772021,0.00152207001522,,0.00157977883096,,0.0137283236994,0.00133244503664,0.0120481927711,0.00344299923489,0.00331674958541,,0.00531914893617,0.0036496350365,,,,
21.0,,,0.0,0.00297324083251,0.00405953991881,0.0044404973357,,0.00205507603781,,0.0,0.0018115942029,0.00496894409938,0.00250208507089,0.0,0.00292397660819,0.0019267822736,0.00340831629175,0.00237529691211,0.00951814396193,0.00514800514801,0.0179763739086,,0.00823421774931,0.0110935023772,0.000891265597148,0.00497925311203,0.0165289256198,0.0117845117845,0.00511247443763,0.0130208333333,0.0088809946714,,0.0109289617486,,0.0217755443886,0.0117416829746,,,0.0287356321839,0.00554016620499,,,,,,,,,0.00266240681576,0.00831024930748,,0.00523560209424,0.0,,,0.00388349514563,0.00465735196274,0.00527704485488,0.0036563071298,0.0,,0.00585651537335,0.00228136882129,,0.00890207715134,,0.00856793145655,0.00478468899522,0.00788177339901,0.00641025641026,,,,,,,,,,,,,0.00711743772242,,0.0,,,,0.0135135135135,0.0143964562569,,,,0.00497925311203,0.00865051903114,0.00558659217877,0.0144927536232,,0.00515907136715,,,,,,,,,,,0.00317965023847,,,0.000613496932515,0.00198281559815,,0.0040899795501,0.00183992640294,,,,,,0.00368098159509,0.0,,,0.00478927203065,0.00925925925926,0.00578034682081,0.0126582278481,0.00168067226891,0.00232198142415,,0.0133333333333,0.00357142857143,0.00738007380074,,0.0205391527599,0.00324074074074,0.00357142857143,0.00564971751412,0.00590909090909,0.00296735905045,0.0,0.00266666666667,0.0,0.0011013215859,,0.0141509433962,0.0,,,,,0.00936768149883,0.0,0.0042194092827,,0.0,,0.00856531049251,0.0,0.0207100591716,0.00225479143179,0.00510204081633,,0.00570613409415,0.00671140939597,,,,
22.0,,,0.004329004329,0.000944287063267,0.00514138817481,0.0045871559633,,0.000837170364169,,0.00255102040816,0.00175131348511,0.0,0.000890471950134,0.00183823529412,0.0,0.00510529674537,0.0054163845633,0.0,0.0142694063927,0.00797872340426,0.0102406554019,,0.00536672629696,0.00809061488673,0.00644567219153,0.00511073253833,0.00384615384615,0.0,0.00419727177335,0.00268817204301,0.0104039167687,,0.00705218617772,,0.0148026315789,0.0186457311089,,,0.00497512437811,0.0125,,,,,,,,,0.00480512546716,0.00857142857143,,0.00514800514801,0.0,,,0.00377358490566,0.00342465753425,0.00489323843416,0.00344827586207,0.00778210116732,,0.00153846153846,0.00833333333333,,0.00265957446809,,0.00232288037166,0.0104712041885,0.0122075279756,0.00597371565114,,,,,,,,,,,,,0.0,,0.0149253731343,,,,0.00704225352113,0.0177824267782,,,,0.00729927007299,0.0101351351351,0.00571428571429,0.0206896551724,,0.00262697022767,,,,,,,,,,,0.00466562986003,,,0.000604960677556,0.0,,0.0,0.00175901495163,,,,,,0.00253485424588,0.0,,,0.00328022492971,0.00900900900901,0.00626959247649,0.0109763142692,0.00339558573854,0.00406504065041,,0.00609756097561,0.00383631713555,0.00772200772201,,0.00421348314607,0.00386847195358,0.00437062937063,0.00611189468735,0.0037558685446,0.00389105058366,0.0,0.0,0.00119760479042,0.00108459869848,,0.0133689839572,0.00440528634361,,,,,0.00896860986547,0.00923076923077,0.0,,0.00319488817891,,0.0175054704595,0.0,0.00342465753425,0.00685714285714,0.0,,0.00332778702163,0.0,,,,
23.0,,,0.0048309178744,0.00406091370558,0.00275482093664,0.00278810408922,,0.00432389937107,,0.00469483568075,0.0018315018315,0.00123609394314,0.00266903914591,0.001953125,0.0056338028169,0.00135685210312,0.00586940572267,0.00228310502283,0.00909642207398,0.00650195058518,0.00835073068894,,0.00820419325433,0.008,0.00357781753131,0.00578512396694,0.0,0.00179533213645,0.012671594509,0.0112359550562,0.0101979604079,,0.0136425648022,,0.0210016155089,0.0118025751073,,,0.0103626943005,0.00894187779434,,,,,,,,,0.00670391061453,0.00546448087432,,0.00394736842105,0.0,,,0.00458295142071,0.00393700787402,0.00668151447661,0.00515463917526,0.0042735042735,,0.00300751879699,0.0105900151286,,0.00824175824176,,0.00457142857143,0.00537634408602,0.00303336703741,0.0045871559633,,,,,,,,,,,,,0.0,,0.00914634146341,,,,0.00952380952381,0.0165745856354,,,,0.0048231511254,0.00833333333333,0.0054347826087,0.00714285714286,,0.00440917107584,,,,,,,,,,,0.0,,,0.0,0.0027266530334,,0.0,0.00185873605948,,,,,,0.00387596899225,0.0,,,0.00183908045977,0.0,0.0,0.00938189845475,0.0,0.0,,0.0103806228374,0.00237812128419,0.0106761565836,,0.0188679245283,0.00461467466544,0.0101851851852,0.0037037037037,0.0037541060535,0.00294406280667,0.0,0.00319488817891,0.00246305418719,0.0,,0.00757575757576,0.00766283524904,,,,,0.019801980198,0.00298507462687,0.0,,0.00157480314961,,0.0150862068966,0.00408163265306,0.0103806228374,0.00117924528302,0.00492610837438,,0.00690846286701,0.00361010830325,,,,
24.0,0.0,0.0,0.0,0.0,0.4,0.0,0.0,0.0,0.0,0.0,0.0,0.0,0.0,0.0,0.0,0.125,0.0,0.0,0.0,0.0909090909091,0.0,,0.0,0.0,0.111111111111,0.0181818181818,0.0,0.0,0.0,0.0,0.0,0.0,0.0,0.0,0.00947867298578,0.0062015503876,,0.010227936879,0.00722891566265,0.00478796169631,0.00507485409794,0.0139026812314,0.0,0.0,0.030534351145,0.0439024390244,0.0111872970047,0.00539643005396,0.0,0.0,0.0,0.0,0.0,0.0,0.125,0.0,0.0,0.0,0.0,0.0,0.0,0.363636363636,0.2,0.0,0.117647058824,0.020725388601,0.705882352941,0.0127058823529,0.00754147812971,0.025010306445,0.0167510712894,0.01184044143,0.0120075837371,,0.00753916833549,0.00498902414688,0.00626922167022,0.0111193476649,0.0141520748381,0.0107228915663,0.0096483432779,0.0098235765838,0.0,0.0,0.0,,,,0.0,0.0,0.0,0.0,0.0,0.0,0.0103092783505,0.00763358778626,0.0112977983778,0.0025641025641,0.00253405131454,0.0062893081761,0.00696150696151,0.000923361034164,0.000604412209127,0.00170706725845,0.00198500220556,0.000832639467111,0.0010395010395,0.0,0.0625,0.0,0.0,0.0,0.0031612223393,0.0028901734104,0.0,0.00316598824062,0.00488997555012,0.00278810408922,0.00149105367793,0.00525812619503,0.00385356454721,0.0,0.0,0.0,0.0,0.00114285714286,0.00609756097561,0.0,,0.0,0.0,0.0,,0.0,0.0,0.5,0.0,0.166666666667,0.0,0.00134589502019,0.0105263157895,0.0,0.0,0.0,0.0,0.0,0.0,0.0,0.0,0.0,0.0526315789474,0.0,0.0,0.0,0.0,0.0,0.0,0.0,,,,0.0,0.0,0.0,0.0,0.00635593220339,0.0,0.0131868131868,0.00291545189504,,,
25.0,,,,,,,,,,,,,,,,0.0,0.0,0.0,,0.0,0.0,0.0,,,0.0,0.0,0.0,,0.0,0.0,0.0,0.0,0.0,0.027027027027,0.0220440881764,,0.00992555831266,0.0111214087118,0.0117773019272,0.00361228175798,0.0057003257329,0.0104083266613,0.00649102710958,0.00291545189504,0.0,0.00387596899225,0.0062893081761,0.00704809286899,0.00338409475465,0.0,0.0,0.0,0.0,0.0,0.0,0.0,0.0,0.020618556701,0.0,0.0,0.0,0.0,0.0,0.0,0.0,0.00491803278689,0.0,0.00788332676389,0.0104853205512,,0.00922391857506,0.00902708124373,,,,,0.0082304526749,,,0.00551977920883,0.00655737704918,0.0,0.0,0.0,0.0,0.0,0.0,0.0,0.0,0.0,0.0,0.0,0.0,0.0,0.0,0.00414937759336,0.00350877192982,0.00738334317779,0.00415237407474,0.0045601368041,0.00367910066428,0.00417766051011,0.000870700914236,0.00142196942766,0.000751597143931,0.00137677833869,0.0016339869281,0.0,0.0,0.0,0.0,0.0,0.0,0.00412371134021,0.00650195058518,0.0,0.00243664717349,0.00131061598952,0.0062535531552,0.00831946755408,0.0,0.0,,0.0,0.0,0.0,0.0,0.0,0.0,0.0,0.0,,,,,,,,,0.0,,0.0,0.0,0.0,0.0,,,,,,,,,,,,,,,,,,,,,,,,,,,
26.0,0.0,0.00235294117647,0.0,,0.0,0.014598540146,,0.00186567164179,0.0,,0.0,0.0,0.0,,,0.0,0.0,0.0,0.125,0.0185185185185,0.0,,0.0,0.0,0.00699300699301,0.00443131462334,0.0,0.0,0.00878048780488,0.0,0.0174418604651,0.0,0.0,0.00709219858156,0.0143603133159,0.0111317254174,,0.0126849894292,0.00774336283186,0.0,0.0135623869801,0.0123787910047,0.00765306122449,0.00824742268041,0.00795404330535,0.00587741393787,0.00881834215168,,,,,,,,,,,,,,,0.00442477876106,0.00584795321637,0.0084388185654,0.0100334448161,0.0,0.0,0.00176366843034,0.0,0.0160106737825,0.0102389078498,0.00870646766169,0.0152880775813,0.0198899703766,0.014906264289,0.0168929110106,0.00729006028319,0.00528529824183,0.00952018278751,0.0105493630573,0.0104008117707,0.00924179554885,0.00409416581372,,0.0166425470333,,,,0.00898410504492,0.0189461219657,0.00626649076517,0.00878873239437,0.00673400673401,0.00442477876106,0.00663192799621,0.00656610470275,,0.00472813238771,0.00570884871551,0.00506893755069,0.00634215950531,0.00418230563003,0.00630749014455,0.00345585925228,0.000553199336161,,0.00436681222707,0.00260293421675,0.00114155251142,0.0,,0.00706713780919,0.0,0.00207684319834,0.00383141762452,0.0,0.00446428571429,0.00387328814497,0.00240687679083,0.00350241545894,0.004995004995,0.0138121546961,0.0061919504644,0.0,0.00092936802974,,,,,0.0048309178744,,0.00515463917526,0.0,0.00261780104712,,,0.000877963125549,0.0014440433213,0.0674698795181,0.0,0.00344827586207,0.00338983050847,0.0,0.0,0.0,0.0,0.00621118012422,0.0344827586207,0.0,0.0,0.0,0.0,0.0,0.0238095238095,0.0,0.0535714285714,0.0,0.0,0.00307219662058,0.00636942675159,0.00854700854701,0.0,0.025641025641,0.0,0.0,,0.0555555555556,,,0.0,,
27.0,0.00316455696203,,0.0,0.00123001230012,,0.0,0.0,,0.00625,0.0,,0.0,,0.0,0.00787401574803,,,,,0.0,,,,,,0.0,0.00970873786408,0.0,0.0,0.0123456790123,0.0,,0.0,,,0.0244755244755,,0.0,0.0,,,,0.00648088139987,0.00446998722861,0.00852618757613,,,0.00450196961171,0.00624512099922,0.00461893764434,0.0196078431373,,,,,,,,,0.0,0.0,0.0125,0.0,,,,,,,0.0149253731343,0.047619047619,,0.0218671152229,,0.0119073869901,0.0,,0.00561122244489,0.00280112044818,0.0131995776135,0.0194285714286,0.00866510538642,0.00690607734807,0.013397642015,0.0138830458561,,,,0.0137572607765,0.0135064935065,0.0109561752988,0.0110275689223,0.00437636761488,0.0043795620438,0.00412121212121,0.00558659217877,0.00758495145631,0.00192864030858,0.0053494391717,0.00454803865833,,0.00332620574958,0.0066889632107,0.0064406779661,0.00259067357513,0.000508216161274,0.00200889654183,0.00170068027211,,0.0666666666667,0.0,0.0,0.0,,,,0.0,,,0.0,,0.0,0.0,0.0,0.0,0.00788781770377,0.00261437908497,0.00777202072539,0.0,0.0199521149242,0.000994035785288,0.00621118012422,,0.0,0.0062893081761,0.0,0.00371747211896,0.0,0.015503875969,0.0,0.0185567010309,0.0232067510549,0.0,0.0,0.0,0.003367003367,,,0.0,,,,,0.0,0.0,0.0077519379845,0.0,0.0,,0.0,,,,0.0093896713615,0.0,0.0,0.0,0.0,0.010101010101,,,
28.0,,,0.0,,,,,,0.00416666666667,0.0,,,,,0.0,,,0.0113636363636,,0.027027027027,0.00917431192661,0.0,,,,,,,,,,,,,,,,,,,,,,,,,,0.00632911392405,,,,,,,,,,,,,0.0,,,0.00235294117647,0.00497512437811,0.0,,0.333333333333,0.0,0.0,0.0116279069767,,,0.0158910329171,0.0187747035573,,,,,,,,0.0215053763441,0.0234741784038,,,,,0.00985221674877,,,,,,,,0.00363636363636,0.0,,,,,,,,,,,,,,0.0,,0.0,,0.0,0.0,0.00185013876041,,0.00892857142857,0.0,,,,,,,0.0,,0.0,0.0,,,,,,,,0.00507614213198,0.0153846153846,,,,,,,,,,,,,,,,,,,,,,,,0.0,,,,,,0.5,,
29.0,0.00707935462628,0.00292237442922,0.00381593714927,0.00193861066236,0.00296296296296,0.0028163347415,0.0049633656346,0.00190369540873,0.00225919079893,0.00372786579683,0.00317208564631,0.000877770463024,0.00243081525804,0.002,0.00283651366684,0.00290209256148,0.00567644276254,0.00364671351063,0.00894632206759,0.00910069478423,0.0106479796141,0.0154777927322,0.00755690719749,0.00785440613027,0.00502512562814,0.00384867343596,0.00783555510329,0.00631034744925,0.00527207682169,0.00606394707828,0.00740633168748,0.0102739726027,0.00906232661365,0.00689457052571,0.0100767754319,0.012772427775,0.00591715976331,0.013639702025,0.00447093889717,0.0127037392138,0.0055421686747,0.0078781512605,0.0123693123251,0.00737704918033,0.00581771170006,0.00521376433785,0.00610798924994,0.00658177135499,0.00488808850013,0.00802964793082,0.013687760365,0.00420848170929,0.00358208955224,0.00509832483613,0.00672494956288,0.00666213460231,0.00462649514782,0.00431711145997,0.00619869324845,0.00448717948718,0.00722111553785,0.00719663418955,0.00804953560372,0.00617283950617,0.00506548060292,0.00552922590837,0.00486709097716,0.00591287558827,0.00996453301807,0.00730643402399,0.00701642481263,0.00972344993055,0.0104415274463,0.02457002457,0.0174788135593,0.0128022759602,0.0117821609356,0.00525793650794,0.00709409717575,0.010446685879,0.0127965492451,0.00946191340916,0.00836036935363,0.00919117647059,0.0103430877901,,,,0.0118122474355,0.0138181818182,0.0118603863097,0.0089058524173,0.00866021395823,0.00396825396825,0.0066263886182,0.00679694137638,0.00484140233723,0.00518739463105,0.00320208728653,0.00498941638948,0.00540166204986,0.00494496729941,0.0025658968976,0.00623268698061,0.00413166230547,0.00122159784999,0.00108055009823,0.00230381569474,0.00157418339237,0.00158192090395,0.001634283639,0.00250673103704,0.00212615166549,0.000963391136802,0.00193832599119,0.00263388937665,0.00270583687669,0.0015026296018,0.00456125108601,0.00134695251992,0.00325042396834,0.00474653502943,0.00321171634121,0.00344431687715,0.00209451498887,0.00182232346241,0.00284974093264,0.0045827303425,0.00688655309895,0.00588116000811,0.00983372072233,0.00253301972137,0.00150784077201,0.00627802690583,0.00485549132948,0.00220945647371,0.00320588933745,0.00421104780778,0.0121637658228,0.00284393885531,0.00354116605539,0.00212494687633,0.00196695515342,0.0013764624914,0.00260368235075,0.00111083683041,0.00209137709138,0.00153092467851,0.00899769826323,0.00325865580448,0.00681973175722,0.0044196022358,0.0065970313359,0.00600221134102,0.0100830367734,0.00651534258092,0.00308641975309,0.0013104013104,0.00164347540265,0.00469157254561,0.00483675937122,0.00802075961312,0.00442923293739,0.0036431883418,0.0036496350365,0.00304367676153,0.00449690837549,0.00382866714525,,0.000756429652042,0.00135135135135,0.00399930446879
30.0,0.00708285290726,0.00292024091988,0.0038108047523,0.00193798449612,0.00296186597556,0.00281463610776,0.00494932830544,0.0017907106883,0.00226197820276,0.00372179576646,0.00317145688801,0.000877192982456,0.00243036081511,0.00199920031987,0.00283432105128,0.00290297937357,0.00566750629723,0.00364833600285,0.0089409894695,0.00919135621394,0.0106557377049,0.0153538050734,0.00755830030418,0.00785892275254,0.00501975862437,0.00393603936039,0.00782599857709,0.00630986772085,0.00527406291204,0.00605504587156,0.00740095777101,0.0102739726027,0.00888230940044,0.00719217491369,0.0100610851599,0.0127737226277,0.00588235294118,0.0136225505606,0.00447093889717,0.0127067849437,0.00554350445891,0.00789058390321,0.0123620309051,0.00696721311475,0.00579523502898,0.00521104742053,0.00586653629919,0.00659309158664,0.00487679671458,0.00802964793082,0.0137122416534,0.00420439844761,0.00358690778658,0.00508351488744,0.00671366230279,0.00666757381957,0.0046207596078,0.00438424290014,0.00620701224627,0.00448602922328,0.00724275724276,0.0070796460177,0.00794961800537,0.00633425369498,0.00506110356746,0.00552486187845,0.00485799701046,0.00591858920159,0.00995444575671,0.007309622518,0.0070108349267,0.00981132075472,0.0104981677726,0.0244755244755,0.0174880763116,0.0125265894588,0.0117914228317,0.00525897995634,0.00708935259497,0.0105225225225,0.0128168202765,0.0094465648855,0.00822942643392,0.00918503674015,0.0103404791929,,,,0.0118472330475,0.0138106487371,0.01184566787,0.00890656063618,0.0086528673227,0.00397035468502,0.0066283263476,0.00679597904573,0.00484140233723,0.00519345624513,0.00319829424307,0.00498828508805,0.00540840382749,0.00493905839242,0.0025706940874,0.00622514265952,0.00412995594714,0.00122159784999,0.00108139992135,0.00230116496476,0.00157191511658,0.00169357570283,0.00163191296464,0.00250999349261,0.00212254138956,0.000962618321835,0.00194003527337,0.00263852242744,0.00270819228165,0.00150112584438,0.00455580865604,0.00134876924806,0.00324904647549,0.00474878905879,0.00321130378934,0.0034354423132,0.0020964360587,0.00182731841023,0.00284605433376,0.0045827303425,0.00688405797101,0.00589191385616,0.00981441827266,0.0025275320455,0.00150920615756,0.00609756097561,0.00485549132948,0.0022143489814,0.00320855614973,0.00420740007425,0.0125618199802,0.002849002849,0.0035362465269,0.00212548886244,0.00196001568013,0.00137551581843,0.00260610573343,0.00111193476649,0.00209846650525,0.00151975683891,0.00921080175843,0.00325732899023,0.00681973175722,0.00442017680707,0.00663716814159,0.0059908560618,0.0100860278849,0.00651123713506,0.00308832612724,0.00131212071511,0.00164365548981,0.00469401947149,0.00482606072793,0.00801508722301,0.00443548387097,0.00364842454395,0.0036496350365,0.00304043782305,0.00450387051372,0.00382592061215,,0.000757288905718,0.00135043889264,0.00417900052238
31.0,,,0.0,0.0,,,0.0073664825046,0.000837520938023,0.00211752249868,0.00373744452231,0.00317649394481,0.000878734622144,0.00243536905208,0.00200883889112,0.00285195747991,0.00226928895613,0.0,0.00464607816343,0.00314136125654,,,,,,,,,,,,,,,,,,,,,,,,,,,,,,,,,,,,,,,,,,,,,,,,,,,,,,,,,,,,,,,,,,,,,,,,,,,,,,,,,,,,,,,,,,,,,,,,,,,,,,,,,,,,,,,,,,,,,,,,,,,,,,,,,,,,,,,,,,,,,,,,,,,,,,,,,
32.0,0.015503875969,0.0232558139535,0.0227272727273,0.0,0.0240963855422,0.0222222222222,0.0,0.0266666666667,0.0430107526882,0.0666666666667,0.031746031746,0.0143884892086,0.032967032967,0.025974025974,0.0,0.00574712643678,0.0169491525424,0.0481481481481,0.0492610837438,0.0760456273764,0.0808080808081,0.063829787234,0.0516431924883,0.075,0.0328947368421,0.0608108108108,0.061797752809,0.0640495867769,0.0217391304348,0.021978021978,0.0277777777778,0.0,0.044776119403,0.0,0.0287356321839,0.0720720720721,0.111111111111,0.0409356725146,0.0,0.0152671755725,0.0133333333333,0.0625,0.133333333333,0.0689655172414,0.0571428571429,0.0652173913043,0.0941176470588,0.0851063829787,0.036036036036,0.0277777777778,0.0420168067227,0.0247933884298,0.0,0.0547945205479,0.0625,0.0243902439024,0.0231213872832,0.0322580645161,0.0315789473684,0.0614035087719,0.112903225806,0.0672268907563,0.128048780488,0.0700636942675,0.0512820512821,0.0877192982456,0.0655737704918,0.0813008130081,0.0979020979021,0.12101910828,0.104838709677,0.184210526316,0.158620689655,0.166666666667,0.182608695652,0.145038167939,0.315789473684,0.119760479042,0.0153846153846,0.107142857143,0.0315789473684,0.107317073171,0.0918367346939,0.0116279069767,0.0597014925373,,,,0.161016949153,0.0201342281879,0.109375,0.108280254777,0.0392156862745,0.0183486238532,0.0849673202614,0.04,0.0268817204301,0.021978021978,0.0212765957447,0.00769230769231,0.0514705882353,0.0663507109005,0.0361445783133,0.0985915492958,0.0493827160494,0.06,0.0361445783133,0.0,0.0119047619048,0.0078125,0.03125,0.0264900662252,0.010752688172,0.00909090909091,0.017094017094,0.0,0.0173611111111,0.025641025641,0.0581395348837,0.0148514851485,0.0193236714976,0.0373563218391,0.0133928571429,0.042735042735,0.0219178082192,0.0,0.0421686746988,0.0300751879699,0.0263157894737,0.08,0.0350877192982,0.00588235294118,0.00961538461538,0.0373443983402,0.0403225806452,0.038961038961,0.0330188679245,0.0743034055728,0.0379008746356,0.015503875969,0.042328042328,0.0357142857143,0.018691588785,0.0186666666667,0.0204081632653,0.0,0.0197044334975,0.0,0.0519480519481,0.0731707317073,0.012987012987,0.0170454545455,0.148148148148,0.0197368421053,0.0,0.00961538461538,0.0233644859813,0.0,0.0,0.0,0.0232558139535,0.00909090909091,0.0,0.00595238095238,0.00729927007299,0.03125,0.0247524752475,0.0119047619048,,0.0,0.0,0.0467289719626
33.0,0.00679370339685,0.00238575885484,0.00336775931747,0.00163132137031,0.00258445634115,0.00283573020053,0.00491343004212,0.00124041497519,0.0016501650165,0.00209010682768,0.00221818915104,0.000435255712731,0.0015088645794,0.00120627261761,0.00285565939772,0.00278293135436,0.0053125,0.00252161383285,0.00703376205788,0.00752614602678,0.00853994490358,0.0142372881356,0.00674240325113,0.00581620783249,0.00460977701544,0.00320670942279,0.00682003257329,0.00421391357646,0.00492890995261,0.00570692194404,0.00710247862009,0.0117647058824,0.00809001301841,0.00753841693244,0.00927263969171,0.0118078175896,0.00426439232409,0.0131343910896,0.00449438202247,0.012506012506,0.0055622732769,0.00639658848614,0.00961111932574,0.00575894693542,0.00453661697991,0.00417972831766,0.00419132149901,0.00518956321176,0.00381582294582,0.00725915171627,0.0135485156406,0.00373497888925,0.00358476474981,0.00440528634361,0.00532978014657,0.00629964393317,0.00431621990005,0.00387622363839,0.00603520536463,0.00359435173299,0.00577164366374,0.00652871528162,0.00580491344459,0.00458190148912,0.00385476249689,0.00447721885699,0.00338983050847,0.0048602673147,0.00760006755616,0.00528634361233,0.00494733482285,0.00806960030261,0.00826693227092,0.0222376650452,0.0146140965139,0.00887435777674,0.00608519269777,0.00317775571003,0.00692779110045,0.00939917576459,0.0122460740527,0.00747126436782,0.00724728226915,0.00905280804694,0.00939563230066,,,,0.00910375137341,0.0137260249068,0.00983940285003,0.0078068987493,0.00799455689743,0.00371155885472,0.00538687561214,0.00621996041843,0.00443626014899,0.00497056899935,0.0029522909778,0.00492461550117,0.0045719035744,0.00399584432191,0.00186828584773,0.00502077562327,0.00358176057308,0.000489117143556,0.000887486441179,0.00230381569474,0.00143603133159,0.00158120623447,0.00127157129882,0.0021421253609,0.00198863636364,0.0008010253124,0.00158898305085,0.002648839556,0.00233190827827,0.000878844946642,0.00292682926829,0.00112956060093,0.00267794221283,0.0039226942212,0.00269265290422,0.00257731958763,0.00105554822536,0.00182857142857,0.00206851971558,0.00388349514563,0.00690909090909,0.00329896907216,0.00873284619497,0.00235208974127,0.00121951219512,0.00488510946264,0.00395901257569,0.000890075656431,0.00251406680235,0.00124517494708,0.0114416475973,0.00250044650831,0.00254194204372,0.001195661457,0.000782778864971,0.00103609048524,0.0024208566108,0.00111248454883,0.00146436706801,0.00151561079115,0.00808338651351,0.00200400801603,0.006598407281,0.00417863671977,0.00450958286359,0.00567554784802,0.0100920154348,0.00631446011366,0.00209336403601,0.00132144037,0.00165435094298,0.0047360112261,0.004789463181,0.00803592531316,0.00448247758761,0.00354099811884,0.00368349249659,0.00271698113208,0.00398519783661,0.0035765379113,,0.000757862826828,0.00135226504395,0.00332225913621
34.0,0.00712628438847,0.0023835716905,0.00336851560746,0.00162919517758,0.00258923617533,0.00283515593358,0.00490310530002,0.00123999549093,0.00165391771759,0.00209059233449,0.00261411622763,0.000652173913043,0.00169109357384,0.00120724346076,0.00285417747794,0.00278336168239,0.00529925187032,0.00279128399064,0.0074192901544,0.00771635084978,0.00899165061015,0.014854827819,0.00683034890161,0.00618477000387,0.00471799270856,0.00328866233659,0.00681586978637,0.00444274224435,0.00474473334599,0.0058769513315,0.00710144927536,0.012,0.00808850873931,0.00751010976314,0.00936486973226,0.0118950793005,0.00426439232409,0.0131399138022,0.00449438202247,0.0125120307988,0.00556765916243,0.0069407367859,0.0100398641665,0.00617538081515,0.00452781371281,0.0041819132253,0.00493583415597,0.00576202823394,0.00381194409149,0.00734989648033,0.0137368106709,0.00405120725976,0.00358744394619,0.00487567040468,0.00565347522448,0.00629964393317,0.00452796015395,0.00394244037059,0.00620701224627,0.00372272143774,0.00627352572146,0.00641451006415,0.00663625051846,0.00523046747303,0.00433705080545,0.00474683544304,0.00338473110192,0.00534499514091,0.00857863751051,0.00583571900462,0.00494575622208,0.00819878910192,0.00897308075773,0.0235538621406,0.0148560109706,0.00909514925373,0.0060932532674,0.00318186337874,0.00692502330537,0.00947558770344,0.0122478386167,0.00756922487305,0.00737407824022,0.00904522613065,0.00937658388241,,,,0.00988390335739,0.0137372634643,0.0105084745763,0.00780814277747,0.00799727752255,0.00384768475521,0.00558166862515,0.00621381160853,0.00451656072265,0.00510204081633,0.00294950448325,0.00492760215298,0.00470848912893,0.00423694939643,0.00187265917603,0.00502686774138,0.00372259754584,0.000489835904972,0.00108577633008,0.00230414746544,0.00143715704207,0.0015828151498,0.001273190251,0.00223609428864,0.00212826333712,0.000801538954793,0.00176647235471,0.00264717004916,0.0022336602894,0.00112909296199,0.00292873413602,0.00113109376767,0.00295732995353,0.00401529636711,0.00269472603619,0.00285551113649,0.0011860832894,0.00183024479524,0.00219865494051,0.00387315419995,0.00655021834061,0.00351022093744,0.00874063503389,0.00235421948569,0.00121765601218,0.00523843930636,0.00418896904817,0.000890075656431,0.00275218379801,0.00149142431022,0.0119980168567,0.002679528403,0.00342422320862,0.00136658694909,0.00117233294256,0.00112262521589,0.00242220980063,0.00111303487509,0.0014657980456,0.00151837230489,0.00894378194208,0.00280224179343,0.00682438580528,0.00418300653595,0.00452744765139,0.00582585419619,0.0101160368938,0.00653044027807,0.00209467951403,0.00132318888521,0.0016518004625,0.00473103206588,0.00478564307079,0.00804352969009,0.00448156447342,0.00354452813469,0.0036855036855,0.00271657108361,0.0039914468995,0.00357909806729,,0.000758725341426,0.00135043889264,0.00332516625831
35.0,0.00645161290323,0.00335695635957,0.00408719346049,0.00201207243461,0.00343511450382,0.00281917035844,0.00456621004566,0.0020325203252,0.00253271422541,0.00233426704015,0.00248138957816,0.000901713255185,0.00224299065421,0.00159489633174,0.00242248062016,0.00213675213675,0.00454840805718,0.00326146040949,0.00647773279352,0.00833664152441,0.0112546125461,0.0181058495822,0.00659009602711,0.00585023400936,0.00546089995631,0.00334280461307,0.00793812334622,0.00503524672709,0.00633663366337,0.00605143721634,0.00715563506261,0.00884955752212,0.00930405656866,0.00845546786922,0.0107091861019,0.0119537526945,0.00778210116732,0.0144381669805,0.00532859680284,0.0115495668912,0.00728862973761,0.00431034482759,0.0115112160567,0.00569105691057,0.00519480519481,0.00620475698035,0.00889929742389,0.00600343053173,0.00552763819095,0.00692041522491,0.0149429807314,0.00460374876685,0.00386904761905,0.00740375123396,0.00663570006636,0.00600272851296,0.00404494382022,0.00329380764163,0.00686106346484,0.0044955044955,0.00718685831622,0.0074107343364,0.0085185954706,0.00658544616398,0.00516986706056,0.0031914893617,0.00683371298405,0.00603318250377,0.00824458948815,0.00788263630392,0.00795924864693,0.0116367315963,0.00837390457644,0.023588277341,0.0182543334867,0.0120986505351,0.0105545617174,0.00541082164329,0.00755939524838,0.0108424908425,0.0138129496403,0.0114898506319,0.00731953558809,0.00906040268456,0.0117021276596,,,,0.0102899906455,0.0121838656083,0.0110559566787,0.00819277108434,0.00790921595598,0.00403442711135,0.00695134061569,0.00740108169656,0.00556962025316,0.00422386483633,0.0025706940874,0.00504229017567,0.00639163277164,0.00443568260227,0.00141309467734,0.00663871418588,0.00384826827927,0.00145208131655,0.00179604869288,0.00298418382572,0.00182767624021,0.00180139608196,0.00144196106705,0.00192086054552,0.00198412698413,0.000951474785918,0.00177619893428,0.00253485424588,0.0033543804262,0.00176589303734,0.00527009222661,0.00159890360895,0.00224215246637,0.00261832829809,0.00157191511658,0.000590318772137,0.00207792207792,0.00241080038573,0.00215775593383,0.00686947988224,0.0074931880109,0.00639658848614,0.00803506208912,0.00350603817686,0.0031113876789,0.00650095602294,0.00381315538608,0.003600360036,0.00394088669951,0.00520833333333,0.0117550010311,0.0021778584392,0.00232198142415,0.00211752249868,0.00166389351082,0.00121908742598,0.00365764447696,0.000757193336699,0.00195630909684,0.00184956843403,0.0109793588054,0.00418410041841,0.00882079851439,0.00396301188904,0.0102974828375,0.00726239343227,0.0115571776156,0.00533661740558,0.00379266750948,0.000978473581213,0.000680889695869,0.00318358684117,0.00397930760048,0.00856734888149,0.00495458298927,0.00334672021419,0.00386313465784,0.0021950454688,0.00290191526407,0.00244977951984,,0.0,0.0,0.00517177687477
36.0,0.00776196636481,0.0021513087128,0.00394563787812,0.00127226463104,0.00247612309869,0.0032401782098,0.00522317188984,0.00178094390027,0.00200803212851,0.00502512562814,0.00388651379712,0.000832292967124,0.00261682242991,0.00239616613419,0.00329851566795,0.00372902423866,0.0064858490566,0.00404431158783,0.0109803921569,0.0100664767331,0.0100791936645,0.0142302716688,0.00842142985128,0.00945537065053,0.00459962366715,0.0045030556449,0.00765974601895,0.00748959778086,0.00400582665696,0.0063829787234,0.00754189944134,0.0149253731343,0.00844811753903,0.0064139941691,0.00889423076923,0.0139467110741,0.00460829493088,0.0126898273351,0.00632911392405,0.0138029509757,0.00382043935053,0.0106382978723,0.0133140376266,0.00905349794239,0.00637755102041,0.00420609884332,0.00310559006211,0.00720668780628,0.00406091370558,0.00856665273715,0.0136546184739,0.00379266750948,0.00330132052821,0.00287907869482,0.00656598818122,0.00738512035011,0.00517668242179,0.00533576262363,0.00587467362924,0.00445142707515,0.00636319138522,0.00735453168938,0.00740436034554,0.00608584240871,0.00487804878049,0.00779625779626,0.00294117647059,0.00586029067042,0.0114043662431,0.00680869756205,0.0059748427673,0.00798403193613,0.0127582017011,0.0246831220814,0.0165041260315,0.014116575592,0.0128954607978,0.0048828125,0.006809848088,0.0102345415778,0.0114975567692,0.00793500850179,0.00933890390759,0.00933333333333,0.00909961685824,,,,0.0131950989632,0.0154804270463,0.0125448028674,0.00958366064415,0.00936454849498,0.00389711613406,0.00614439324117,0.00640668523677,0.00411997363217,0.0062015503876,0.00378519044239,0.00495610308694,0.00447957839262,0.00539540619701,0.00368833563854,0.00579611319468,0.00440286186021,0.000985707244948,0.000389105058366,0.00166805671393,0.00129600829445,0.00158084914182,0.0018281535649,0.00305370935872,0.00226372382569,0.000964940495336,0.0020957038072,0.00274519590716,0.00246025738077,0.00124254473161,0.00381760339343,0.00112007168459,0.00423609149958,0.00664511494253,0.00474406991261,0.00658616904501,0.00212992545261,0.00129533678756,0.00361814639577,0.00236630383341,0.00621118012422,0.00547088706526,0.0113871635611,0.00165562913907,0.0,0.00606673407482,0.00583482944345,0.000869565217391,0.0025357307515,0.0031941031941,0.0132651127535,0.00348918353105,0.00469251667078,0.00213569903072,0.00146412884334,0.00169004563123,0.00151285930408,0.00144648023144,0.00225297714837,0.00117994100295,0.007720438846,0.002284843869,0.00488671701466,0.00486057815298,0.00331491712707,0.00496894409938,0.00866551126516,0.00773860705073,0.00242326332795,0.00166002656042,0.00254237288136,0.00618556701031,0.00554455445545,0.00746616892207,0.00398565165405,0.00392242318588,0.00348432055749,0.00374747765927,0.00607399226946,0.00504124656279,,0.00142551674982,0.00267737617135,0.00328083989501
37.0,0.00713574510455,0.00274524158126,0.00401516841401,0.00163505559189,0.00275938189845,0.00323428340408,0.0048951048951,0.00190711240745,0.00226430629889,0.00369942196532,0.00321027287319,0.000866363439463,0.00243354548858,0.00199680511182,0.00283651366684,0.00292893479266,0.00555898702903,0.00366398570152,0.00877367896311,0.00922598815189,0.0105771861038,0.0161073825503,0.00753330271015,0.00788006919085,0.00502297745004,0.00393894633186,0.00780220893708,0.00630890848282,0.00512820512821,0.00622140896615,0.00736568457539,0.0121457489879,0.00888559792669,0.00746268656716,0.00981800766284,0.0129358261748,0.00634249471459,0.0135741881591,0.00446096654275,0.0127037392138,0.00554350445891,0.00700808625337,0.0125565776026,0.00736799017601,0.00579150579151,0.00521920668058,0.00616370808679,0.00660066006601,0.00479555779909,0.00773435083015,0.0143655227454,0.00418342719228,0.00359281437126,0.00511197663096,0.00660066006601,0.00670498084291,0.00461296129613,0.00432333289663,0.00635876840696,0.00447971329835,0.00677880994225,0.00738292011019,0.00796689084325,0.00633940182055,0.00502574160333,0.00552486187845,0.00486344930789,0.00595672258692,0.00984317650984,0.00734246575342,0.00695542206766,0.0098051539912,0.0105315449578,0.0241296104791,0.0172335256605,0.0133456051542,0.0116707616708,0.00534547614334,0.00704693524797,0.0105483707825,0.012652767793,0.00951474785918,0.00834995014955,0.00918503674015,0.0103456977038,,,,0.0115878484184,0.0138700027196,0.0118083670715,0.00890089803703,0.0086572738075,0.0039656311963,0.00654808444097,0.00690627202255,0.00484059422467,0.00523080946777,0.00317497648166,0.00500037881658,0.00539493705907,0.0049323786794,0.00256290773532,0.00621761658031,0.00412711514651,0.00122159784999,0.00108438485804,0.00230348401958,0.0015612802498,0.00169166572685,0.00163547156097,0.00241478591994,0.00212585034014,0.000958772770853,0.00193935119887,0.00264383734106,0.00270871626197,0.00150300601202,0.00453318942256,0.00135777325187,0.00323761261261,0.0047478871902,0.00307023154663,0.00369318181818,0.00210609451099,0.00181859513526,0.00283505154639,0.00457941672692,0.00689655172414,0.00592441266599,0.00976042590949,0.00250492037932,0.00150647785478,0.00627577550654,0.00485886163813,0.00221238938053,0.00321811680572,0.00419856754754,0.0125506472972,0.00284495021337,0.00353535353535,0.00212874659401,0.00155823918972,0.00145747599451,0.00260562069607,0.00111138552729,0.00210628645496,0.00150784077201,0.00930035933207,0.0031847133758,0.0068166325835,0.00442075152776,0.00675295441756,0.00595331348896,0.0100770598696,0.00651123713506,0.00308832612724,0.00131817432855,0.00164383561644,0.00470137558767,0.00476663356504,0.00801886792453,0.00446428571429,0.00364238410596,0.00366997417426,0.0030039050766,0.00452296819788,0.00379146919431,,0.000757288905718,0.00134770889488,0.00417101147028
38.0,0.0340909090909,0.0,0.0,0.0,0.0,0.0,0.0128205128205,0.00666666666667,0.0,0.0,0.0,0.0,0.0,0.0232558139535,0.0,0.0,0.0,0.0,0.00609756097561,0.00766283524904,0.0148148148148,0.0,,0.0162601626016,0.00884955752212,0.00337268128162,0.0,0.00445103857567,0.0,0.00595238095238,0.00540540540541,0.0204081632653,0.00757575757576,,0.0140845070423,0.0,,,0.0259259259259,0.00695410292072,0.00787401574803,0.030303030303,0.0144927536232,0.0281690140845,0.0,0.0,0.0,0.00320512820513,0.010152284264,0.0,0.0,0.00514138817481,0.0,0.0336134453782,,0.0,0.00806451612903,0.00886917960089,0.0137362637363,0.00658761528327,0.0133928571429,0.00879765395894,0.00797872340426,0.0054347826087,0.00248138957816,0.0,0.0243902439024,0.0162162162162,,0.00255754475703,0.0,0.0,0.161290322581,,0.0434782608696,0.0,0.00636942675159,0.00943396226415,0.0,0.0166666666667,0.03125,0.0,0.0307692307692,0.015873015873,0.020618556701,,,,,0.0216606498195,0.0134228187919,0.0149253731343,0.0,0.0120481927711,0.00478468899522,0.024,0.0,0.0234113712375,0.00274725274725,0.00436681222707,0.0,0.0204081632653,0.0,0.0,0.0,0.0,0.0,0.0,0.0,0.0,0.0,0.0,0.0,0.0,0.0,0.0,0.0,0.0,0.0,0.0,0.0,,0.0,0.0,0.0,,,0.0,,0.00485436893204,0.0,,0.0,0.002457002457,,,,0.0,0.00896860986547,0.00442477876106,0.0,0.00709219858156,0.0,0.0,,,,0.0,0.00418410041841,0.00440528634361,0.030303030303,0.00520833333333,0.00819672131148,0.0,0.00244498777506,0.0,,,0.0,,,0.00578034682081,0.0,0.0249042145594,,0.0110497237569,0.0024154589372,0.00520833333333,,,0.00534759358289,0.00980392156863
39.0,0.00324675324675,,,,,,,,,,,0.00223964165733,0.0,,,,,0.00551267916207,,0.0126083530339,,,,,,,,,,0.0168067226891,,,,,,,,,,0.0,,,,,,,,0.00403225806452,,0.00383141762452,0.00384319754035,0.00705467372134,0.00533442757489,0.016155088853,,0.00742857142857,0.00538876058507,0.00378071833648,0.00888585099111,,,,,,,0.0,,,,,,,0.00334728033473,,0.00882028665932,,,,,0.0099173553719,0.0,,,,0.00937866354045,,,,,,,,,,0.00625,,,,,,,,,,,,,,,,,,,,,,0.0019801980198,,,,,,0.00208550573514,0.0,,,,,,0.00466666666667,,,,,,,,,0.00230946882217,0.00511218403863,0.00532724505327,0.0054656755575,0.0157068062827,0.0049788399303,0.00314465408805,0.00147492625369,0.0030612244898,,,,,,,,,,,,,,,,,,,,,,,,,
40.0,0.00324675324675,,,,,,,,,,,0.00224719101124,0.0,,,,,0.00550055005501,,0.0126083530339,,,,,,,,,,0.0168067226891,,,,,,,,,,0.0,,,,,,,,0.00403225806452,,0.00383141762452,0.00384615384615,0.00706090026478,0.00533223954061,0.016155088853,,0.00742432895488,0.00538668718738,0.00377893245158,0.00889801505818,,,,,,,0.0,,,,,,,0.00334728033473,,0.00881542699725,,,,,0.00993377483444,0.0,,,,0.00938416422287,,,,,,,,,,0.00625,,,,,,,,,,,,,,,,,,,,,,0.0019749835418,,,,,,0.00209314495029,0.0,,,,,,0.00466355762825,,,,,,,,,0.00230866905229,0.00511363636364,0.00532724505327,0.00546448087432,0.0165938864629,0.00497760079642,0.0031746031746,0.00146986771191,0.0030612244898,,,,,,,,,,,,,,,,,,,,,,,,,
41.0,0.00324675324675,,,,,,,,,,,0.00225733634312,0.0,,,,,0.00550660792952,,0.01261829653,,,,,,,,,,0.0168776371308,,,,,,,,,,0.0,,,,,,,,0.00403225806452,,0.00383141762452,0.00384319754035,0.00705467372134,0.00533661740558,0.0161812297735,,0.00743707093822,0.00538461538462,0.00377893245158,0.00888585099111,,,,,,,0.0,,,,,,,0.00334728033473,,0.00881057268722,,,,,0.0099173553719,0.0,,,,0.00937316930287,,,,,,,,,,0.00625,,,,,,,,,,,,,,,,,,,,,,0.0019749835418,,,,,,0.00209314495029,0.0,,,,,,0.00466666666667,,,,,,,,,0.00230866905229,0.00511508951407,0.00532521871434,0.00546209307407,0.0165794066318,0.00497760079642,0.00317796610169,0.0014684287812,0.0030612244898,,,,,,,,,,,,,,,,,,,,,,,,,
42.0,0.0,,,,,,,,,,,0.0,,,,,,,,0.0,,,,,,,,,,,,,,,,,,,,,,,,,,,,,,,,0.0,,,,,,,,,,,,,,,,,,,,,,,,,,,,,,,,,,,,,,,,,,,0.0,,,,,,,,,,,,,,,,,,,,,,,,,,,,0.0,0.0,,,,,,,,,,,,,,,0.0,,,0.0,,0.0,0.0,,0.0,,,,,,,,,,,,,,,,,,,,,,,,,
43.0,0.0,,,,,,,,,,,0.00459770114943,0.0,,,,,0.00426439232409,,0.0121580547112,,,,,,,,,,0.00793650793651,,,,,,,,,,0.0,,,,,,,,0.00194931773879,,0.00746268656716,0.00604229607251,0.00713012477718,0.00573770491803,0.015243902439,,0.00674915635546,0.00681302043906,0.00364630811304,0.0135869565217,,,,,,,0.0,,,,,,,0.00323624595469,,0.00818833162743,,,,,0.0127795527157,0.0,,,,0.0118906064209,,,,,,,,,,0.00613496932515,,,,,,,,,,,,,,,,,,,,,,0.00129032258065,,,,,,0.0030549898167,0.0,,,,,,0.00520156046814,,,,,,,,,0.00205058099795,0.00391280044718,0.00605143721634,0.00594479830149,0.0152027027027,0.00394088669951,0.00215053763441,0.000944287063267,0.00603621730382,,,,,,,,,,,,,,,,,,,,,,,,,
44.0,0.00632911392405,,,,,,,,,,,0.0,0.0,,,,,0.00677200902935,,0.0129659643436,,,,,,,,,,0.0252100840336,,,,,,,,,,0.0,,,,,,,,0.00607287449393,,0.0,0.0015455950541,0.00690846286701,0.00489795918367,0.0169491525424,,0.00911161731207,0.00384615384615,0.00385728061716,0.00409276944065,,,,,,,0.0,,,,,,,0.00339558573854,,0.00924855491329,,,,,0.00677966101695,0.0,,,,0.00688863375431,,,,,,,,,,0.0062893081761,,,,,,,,,,,,,,,,,,,,,,0.00261780104712,,,,,,0.00105485232068,0.0,,,,,,0.00405405405405,,,,,,,,,0.00255516840883,0.00628212450029,0.00455235204856,0.00489759572573,0.0175131348511,0.00594942984631,0.00413223140496,0.00199203187251,0.0,,,,,,,,,,,,,,,,,,,,,,,,,
45.0,0.00325732899023,,,,,,,,,,,0.00227790432802,0.0,,,,,0.00550055005501,,0.0126083530339,,,,,,,,,,0.0168067226891,,,,,,,,,,0.0,,,,,,,,0.00402819738167,,0.00383141762452,0.00384615384615,0.00704845814978,0.00533223954061,0.0161290322581,,0.00741585852824,0.00538668718738,0.00377714825307,0.00888585099111,,,,,,,0.0,,,,,,,0.00335008375209,,0.00881542699725,,,,,0.00995024875622,0.0,,,,0.00937866354045,,,,,,,,,,0.00624349635796,,,,,,,,,,,,,,,,,,,,,,0.00197238658777,,,,,,0.00211081794195,0.0,,,,,,0.00467289719626,,,,,,,,,0.00230973553528,0.00510783200908,0.00533333333333,0.00546328671329,0.0165938864629,0.00497512437811,0.00319829424307,0.0014627011214,0.0030612244898,,,,,,,,,,,,,,,,,,,,,,,,,
46.0,,,,,,,,,,,,,,,,,,,,,,,,,,,,,,,,,,,,,,,,,,,,,,,,,,,,,,,,,,0.0,,,,,,,,,,,,,,,,,,,,,,,,,,,,,,,,,,,,,,,,,,,,,,,,,,,,,,,,,,,,,,,,,,,,,,,,,,,,,,,,,,,,,,,,,,,,,,,,,,,,,,,,,,,,,,,,,,
47.0,0.00324675324675,,,,,,,,,,,0.00231749710313,0.0,,,,,0.00550055005501,,0.0126282557222,,,,,,,,,,0.0168776371308,,,,,,,,,,0.0,,,,,,,,0.00402819738167,,0.00383141762452,0.00384615384615,0.00706090026478,0.00534319769831,0.016077170418,,0.00743707093822,0.0053804765565,0.00378071833648,0.00887978142077,,,,,,,0.0,,,,,,,0.00333333333333,,0.00882515168229,,,,,0.00995024875622,0.0,,,,0.00936768149883,,,,,,,,,,0.00625,,,,,,,,,,,,,,,,,,,,,,0.00197368421053,,,,,,0.00213447171825,0.0,,,,,,0.00466666666667,,,,,,,,,0.00230920217065,0.00511218403863,0.00528900642236,0.00546806649169,0.0165938864629,0.00497636227917,0.00326797385621,0.00144857556736,0.0030612244898,,,,,,,,,,,,,,,,,,,,,,,,,
48.0,0.00324675324675,,,,,,,,,,,0.002331002331,0.0,,,,,0.00550660792952,,0.01261829653,,,,,,,,,,0.0168776371308,,,,,,,,,,0.0,,,,,,,,0.00403225806452,,0.00383141762452,0.00385802469136,0.00706713780919,0.00534979423868,0.016077170418,,0.00744558991982,0.0053804765565,0.00378429517502,0.00887978142077,,,,,,,0.0,,,,,,,0.00333611342786,,0.00881542699725,,,,,0.00993377483444,0.0,,,,0.00938416422287,,,,,,,,,,0.00625,,,,,,,,,,,,,,,,,,,,,,0.00197628458498,,,,,,0.00214018191546,0.0,,,,,,0.00466666666667,,,,,,,,,0.00219399538106,0.00511363636364,0.00529901589705,0.00546687076318,0.0165794066318,0.00498007968127,0.00328587075575,0.00144578313253,0.0030612244898,,,,,,,,,,,,,,,,,,,,,,,,,
49.0,0.0,,,,,,,,,,,0.00227790432802,0.0,,,,,0.00686498855835,,0.011315417256,,,,,,,,,,0.018018018018,,,,,,,,,,0.0,,,,,,,,0.00205761316872,,0.00806451612903,0.0048,0.0110497237569,0.00840336134454,0.0233333333333,,0.0094674556213,0.00561797752809,0.00618556701031,0.00695410292072,,,,,,,0.0,,,,,,,0.00162601626016,,0.00994475138122,,,,,0.0104166666667,0.0,,,,0.00963855421687,,,,,,,,,,0.00785854616896,,,,,,,,,,,,,,,,,,,,,,0.00264900662252,,,,,,0.00229621125144,0.0,,,,,,0.00129032258065,,,,,,,,,0.0013834447775,0.00400916380298,0.0049710024855,0.00564971751412,0.0178890876565,0.00471920717319,0.0,0.00190657769304,0.00205338809035,,,,,,,,,,,,,,,,,,,,,,,,,
50.0,0.00606060606061,,,,,,,,,,,0.00242718446602,0.0,,,,,0.00423728813559,,0.0142348754448,,,,,,,,,,0.0157480314961,,,,,,,,,,0.0,,,,,,,,0.00591715976331,,0.0,0.00295857988166,0.00675675675676,0.00240577385726,0.00923076923077,,0.0077519379845,0.00515463917526,0.00258397932817,0.0107382550336,,,,,,,0.0,,,,,,,0.00511073253833,,0.00767543859649,,,,,0.00946372239748,0.0,,,,0.00913242009132,,,,,,,,,,0.00442477876106,,,,,,,,,,,,,,,,,,,,,,0.00130548302872,,,,,,0.00201612903226,0.0,,,,,,0.00826446280992,,,,,,,,,0.00323027226581,0.00618672665917,0.00554016620499,0.00614844093105,0.015306122449,0.00525762355415,0.00674157303371,0.000971817298348,0.00405679513185,,,,,,,,,,,,,,,,,,,,,,,,,
51.0,0.00324675324675,,,,,,,,,,,0.00237247924081,0.0,,,,,0.00550660792952,,0.0126083530339,,,,,,,,,,0.0157480314961,,,,,,,,,,0.0,,,,,,,,0.00403225806452,,0.00383141762452,0.00384319754035,0.00705467372134,0.00534100246508,0.0160256410256,,0.00744132799084,0.00537634408602,0.00378071833648,0.00888585099111,,,,,,,0.0,,,,,,,0.00333333333333,,0.00881057268722,,,,,0.0099173553719,0.0,,,,0.00937866354045,,,,,,,,,,0.00624349635796,,,,,,,,,,,,,,,,,,,,,,0.00197368421053,,,,,,0.00215401184707,0.0,,,,,,0.00466355762825,,,,,,,,,0.00230866905229,0.00511218403863,0.00529300567108,0.00546687076318,0.0165649520488,0.00497760079642,0.003300330033,0.001443001443,0.0030612244898,,,,,,,,,,,,,,,,,,,,,,,,,
